Therapeutic,CH1 Isotype,VD LC,Total_SASA,Net_Charge,Hydro_SASA,Ch_A_Fv_Hydro,Ch_A_Fc_Hydro,Ch_A_Max_Patch,Ch_A_SASA,Ch_A_Charge,Ch_B_Fv_Hydro,Ch_B_Fc_Hydro,Ch_B_Max_Patch,Ch_B_SASA,Ch_B_Charge,Ch_C_Fv_Hydro,Ch_C_Fc_Hydro,Ch_C_Max_Patch,Ch_C_SASA,Ch_C_Charge,Ch_D_Fv_Hydro,Ch_D_Fc_Hydro,Ch_D_Max_Patch,Ch_D_SASA,Ch_D_Charge
abagovomab,G1,Kappa,6785.37,19.2,2658.62,0.3971,0.4181,76.6,2592.72,9,0,0.337,0,799.97,0.6,0.3971,0.4181,76.6,2592.72,9,0,0.337,0,799.97,0.6
abelacimab,G1,Lambda,7140.15,12.2,2696.23,0.4412,0.3351,0,2819.49,5.9,0,0.4175,0,750.59,0.2,0.4412,0.3351,0,2819.49,5.9,0,0.4175,0,750.59,0.2
actoxumab,G1,Kappa,7736.06,12.6,2773.24,0.4254,0.3447,28.98,3413.53,5,0,0.2391,9.66,454.5,1.3,0.4254,0.3447,28.98,3413.53,5,0,0.2391,9.66,454.5,1.3
adalimumab,G1,Kappa,7152.71,12.6,3025.89,0.6116,0.3442,0,2996.95,2.1,0,0.2489,3.62,579.41,4.2,0.6116,0.3442,0,2996.95,2.1,0,0.2489,3.62,579.41,4.2
adebrelimab,G4,Kappa,7681.06,0.6,2736.97,0.4289,0.2645,0,2302.1,3.8,0,0.3998,0,1538.43,-3.5,0.4289,0.2645,0,2302.1,3.8,0,0.3998,0,1538.43,-3.5
aducanumab,G1,Kappa,6277.57,26.4,2121.92,0.392,0.2599,115.2,2330.4,12,0,0.4506,0,808.38,1.2,0.392,0.2599,115.2,2330.4,12,0,0.4506,0,808.38,1.2
afimkibart,G1,Kappa,6360.54,16.4,2281.7,0.5255,0.2744,0,2249.51,8,0,0.4044,51.93,930.76,0.2,0.5255,0.2744,0,2249.51,8,0,0.4044,51.93,930.76,0.2
alemtuzumab,G1,Kappa,6577.49,20.6,3643.54,0.6784,0.5413,0,2483.26,7,0,0.4409,0,805.48,3.3,0.6784,0.5413,0,2483.26,7,0,0.4409,0,805.48,3.3
alirocumab,G1,Kappa,7946.48,10.4,2599.74,0.5142,0.2493,0,3285.45,6,0,0.1731,0,687.79,-0.8,0.5142,0.2493,0,3285.45,6,0,0.1731,0,687.79,-0.8
amlenetug,G1,Kappa,5866.07,10.2,2343.61,0.2897,0.4457,0,2456.94,4.9,0,0.4745,28.44,476.09,0.2,0.2897,0.4457,0,2456.94,4.9,0,0.4745,28.44,476.09,0.2
amlitelimab,G4,Kappa,6335.51,6,3101.61,0.5605,0.4016,0,2373.24,3.7,0,0.5239,10.89,794.51,-0.7,0.5605,0.4016,0,2373.24,3.7,0,0.5239,10.89,794.51,-0.7
andecaliximab,G4,Kappa,9637.61,6.2,3309.41,0.3466,0.2981,0,2454.93,1.8,0,0.3707,141.6,2363.87,1.3,0.3466,0.2981,0,2454.93,1.8,0,0.3707,141.6,2363.87,1.3
anifrolumab,G1,Kappa,6792.4,8.4,3190.29,0.6301,0.5241,67.53,2133.31,5,0,0.3162,22.94,1262.89,-0.8,0.6301,0.5241,67.53,2133.31,5,0,0.3162,22.94,1262.89,-0.8
anselamimab,G1,Kappa,7533.33,14.8,2882.08,0.3038,0.3675,0,2103.25,5,0,0.4458,0,1663.42,2.4,0.3038,0.3675,0,2103.25,5,0,0.4458,0,1663.42,2.4
ansuvimab,G1,Kappa,7880.41,12.8,3063.44,0.4795,0.3065,0,3002.34,5,0,0.345,10.87,937.87,1.4,0.4795,0.3065,0,3002.34,5,0,0.345,10.87,937.87,1.4
arcitumomab,G1,Kappa,6596.46,22.6,2976.63,0.5131,0.4389,0,2345.01,7.9,0,0.4047,0,953.23,3.4,0.5131,0.4389,0,2345.01,7.9,0,0.4047,0,953.23,3.4
astegolimab,G2,Kappa,8330.97,-3.8,3502.64,0.4732,0.4746,0,2727.4,2.9,0,0.319,0,1438.09,-4.8,0.4732,0.4746,0,2727.4,2.9,0,0.319,0,1438.09,-4.8
atezolizumab,G1,Kappa,7296.63,10.8,3437.41,0.5799,0.4354,119.85,3194.12,5.1,0,0.1721,1.21,454.2,0.3,0.5799,0.4354,119.85,3194.12,5.1,0,0.1721,1.21,454.2,0.3
atigotatug,G1,Kappa,7911.99,10.2,3273.13,0.4702,0.4018,0,3578.46,4.9,0,0.2872,1.21,377.54,0.2,0.4702,0.4018,0,3578.46,4.9,0,0.2872,1.21,377.54,0.2
atisnolerbart,G4,Kappa,6618.68,4,2992.01,0.5151,0.4922,0,2619.37,1.8,0,0.2629,39.4,689.97,0.2,0.5151,0.4922,0,2619.37,1.8,0,0.2629,39.4,689.97,0.2
avelumab,G1,Lambda,7150.91,16.4,3345.05,0.5921,0.4673,27.66,2949.05,6.9,0,0.2269,0,626.41,1.3,0.5921,0.4673,27.66,2949.05,6.9,0,0.2269,0,626.41,1.3
balstilimab,G4,Kappa,5811.11,10.2,2831.99,0.5949,0.5092,82.92,1826.38,2.9,0,0.3886,0,1079.17,2.2,0.5949,0.5092,82.92,1826.38,2.9,0,0.3886,0,1079.17,2.2
bamlanivimab,G1,Kappa,6386.8,22.4,2951.32,0.6086,0.3967,132.9,2460.24,9,0,0.4787,1.21,733.16,2.2,0.6086,0.3967,132.9,2460.24,9,0,0.4787,1.21,733.16,2.2
barzolvolimab,G1,Kappa,6513.86,24.2,2480.22,0.4122,0.3752,0,2451.83,9.9,0,0.3549,0,805.1,2.2,0.4122,0.3752,0,2451.83,9.9,0,0.3549,0,805.1,2.2
basiliximab,G1,Kappa,9349.44,20.8,4157.06,0.483,0.488,0,2030.3,7.1,0,0.4121,0,2644.42,3.3,0.483,0.488,0,2030.3,7.1,0,0.4121,0,2644.42,3.3
bavituximab,G1,Kappa,7657.36,6.8,3687.51,0.467,0.5591,0,2781.33,6.2,0,0.3471,0,1047.35,-2.8,0.467,0.5591,0,2781.33,6.2,0,0.3471,0,1047.35,-2.8
bebtelovimab,G1,Lambda,7337.93,11,2253.3,0.3288,0.3521,67.63,2771.3,7.2,0,0.1982,0,897.67,-1.7,0.3288,0.3521,67.63,2771.3,7.2,0,0.1982,0,897.67,-1.7
becotatug,G1,Kappa,6760.11,-1.4,2629.97,0.2843,0.3878,0,2521.93,2,0,0.5347,0,858.13,-2.7,0.2843,0.3878,0,2521.93,2,0,0.5347,0,858.13,-2.7
belantamab,G1,Kappa,6721.99,16.8,2440.15,0.4764,0.3832,0,2186.93,7.1,0,0.2662,10.87,1174.07,1.3,0.4764,0.3832,0,2186.93,7.1,0,0.2662,10.87,1174.07,1.3
belimumab,G1,Lambda,8081.55,10.8,3233.79,0.6338,0.4392,0,2767.27,8.1,0,0.2207,0,1273.5,-2.7,0.6338,0.4392,0,2767.27,8.1,0,0.2207,0,1273.5,-2.7
belrestotug,G1,Kappa,6704.52,14.6,3247.02,0.5392,0.5735,0,2406.28,6.1,0,0.2963,21.33,945.98,1.2,0.5392,0.5735,0,2406.28,6.1,0,0.2963,21.33,945.98,1.2
bemarituzumab,G1,Kappa,6510.84,14.6,2797.09,0.4327,0.5388,0,2063.18,6,0,0.301,0,1192.24,1.3,0.4327,0.5388,0,2063.18,6,0,0.301,0,1192.24,1.3
benmelstobart,G1,Kappa,9269.48,12.4,3490.61,0.4218,0.3501,0,3963.51,7,0,0.3299,3.62,671.23,-0.8,0.4218,0.3501,0,3963.51,7,0,0.3299,3.62,671.23,-0.8
benralizumab,G1,Kappa,7022.84,16.6,2583.47,0.3491,0.4483,0,2652.48,9,0,0.2078,0,858.94,-0.7,0.3491,0.4483,0,2652.48,9,0,0.2078,0,858.94,-0.7
bentracimab,G1,Lambda,6831.72,8.6,2984.06,0.4465,0.5064,16.63,2944.4,3.1,0,0.1662,0,471.46,1.2,0.4465,0.5064,16.63,2944.4,3.1,0,0.1662,0,471.46,1.2
betinukibart,G1,Kappa,8077.23,3,3970.78,0.5866,0.5411,0,2524.22,2.9,0,0.3796,0,1514.4,-1.4,0.5866,0.5411,0,2524.22,2.9,0,0.3796,0,1514.4,-1.4
bevacizumab,G1,Kappa,6544.96,8.8,2615.69,0.4806,0.3895,0,2679.82,5.1,0,0.3214,0,592.66,-0.7,0.4806,0.3895,0,2679.82,5.1,0,0.3214,0,592.66,-0.7
bezlotoxumab,G1,Kappa,6892.33,18.2,2573.39,0.3767,0.4286,0,2289.86,8.9,0,0.3043,51.93,1156.31,0.2,0.3767,0.4286,0,2289.86,8.9,0,0.3043,51.93,1156.31,0.2
bimekizumab,G1,Kappa,6718.05,10.6,2367.8,0.4865,0.308,0,2689.7,6,0,0.3596,0,669.33,-0.7,0.4865,0.308,0,2689.7,6,0,0.3596,0,669.33,-0.7
bintrafusp,G1,Lambda,7150.91,16.4,3345.05,0.5921,0.4673,27.66,2949.05,6.9,0,0.2269,0,626.41,1.3,0.5921,0.4673,27.66,2949.05,6.9,0,0.2269,0,626.41,1.3
birtamimab,G1,Kappa,7151.81,14.8,3362.93,0.656,0.3499,122.29,2452.31,6.9,0,0.3813,0,1123.6,0.5,0.656,0.3499,122.29,2452.31,6.9,0,0.3813,0,1123.6,0.5
bococizumab,G2,Kappa,6731.92,18.2,2751.93,0.381,0.4008,0,2537.43,4.9,0,0.4575,0,828.53,4.2,0.381,0.4008,0,2537.43,4.9,0,0.4575,0,828.53,4.2
brazikumab,G2,Lambda,6661.72,2.4,1965.08,0.3229,0.2215,85.35,2167.76,1.9,0,0.3569,0,1163.1,-0.7,0.3229,0.2215,85.35,2167.76,1.9,0,0.3569,0,1163.1,-0.7
bremzalerbart,G4,Kappa,5824.59,5.8,2187.06,0.3968,0.3747,0,1652.42,0.7,0,0.3648,1.21,1259.87,2.2,0.3968,0.3747,0,1652.42,0.7,0,0.3648,1.21,1259.87,2.2
brentuximab,G1,Kappa,6842.24,0.4,2761.38,0.4874,0.5117,29.96,2278,6.9,0,0.2071,24.15,1143.11,-6.7,0.4874,0.5117,29.96,2278,6.9,0,0.2071,24.15,1143.11,-6.7
brodalumab,G2,Kappa,8133.92,12,1983.55,0.2301,0.2218,0,2112.62,6.8,0,0.2634,12.08,1954.34,-0.8,0.2301,0.2218,0,2112.62,6.8,0,0.2634,12.08,1954.34,-0.8
burosumab,G1,Kappa,6841.29,10.6,3705.58,0.7337,0.5456,0,2184.02,6.1,0,0.3822,0,1236.62,-0.8,0.7337,0.5456,0,2184.02,6.1,0,0.3822,0,1236.62,-0.8
camrelizumab,G4,Kappa,7195.12,1.8,2712.45,0.3558,0.4792,0,2257.58,1.7,0,0.3079,0,1339.98,-0.8,0.3558,0.4792,0,2257.58,1.7,0,0.3079,0,1339.98,-0.8
canakinumab,G1,Kappa,6181.2,10.6,2424.37,0.46,0.3772,24.04,1964.19,5.9,0,0.3486,0,1126.41,-0.6,0.46,0.3772,24.04,1964.19,5.9,0,0.3486,0,1126.41,-0.6
cemiplimab,G4,Kappa,10002.6,2,3526.16,0.2138,0.4279,0,3033.35,1.7,0,0.3876,21.17,1967.95,-0.7,0.2138,0.4279,0,3033.35,1.7,0,0.3876,21.17,1967.95,-0.7
cendakimab,G1,Kappa,6603,16.6,2599.22,0.3667,0.445,25.36,2584.1,6,0,0.2971,0,717.39,2.3,0.3667,0.445,25.36,2584.1,6,0,0.2971,0,717.39,2.3
cetrelimab,G4,Kappa,6659.02,1.8,2040.51,0.4771,0.1837,113.13,2521.6,-0.3,0,0.3935,1.21,807.91,1.2,0.4771,0.1837,113.13,2521.6,-0.3,0,0.3935,1.21,807.91,1.2
cetuximab,G1,Kappa,6501.87,10.6,2265.55,0.3276,0.297,0,2739.18,7,0,0.5454,0,511.75,-1.7,0.3276,0.297,0,2739.18,7,0,0.5454,0,511.75,-1.7
cilgavimab,G1,Kappa,7657.95,10.2,2935.36,0.4254,0.4034,0,2530.72,5.9,0,0.3268,18,1298.26,-0.8,0.4254,0.4034,0,2530.72,5.9,0,0.3268,18,1298.26,-0.8
clazakizumab,G1,Kappa,7606.42,6.2,3446.36,0.5112,0.4661,0,2766.92,1.9,0,0.3728,0,1036.29,1.2,0.5112,0.4661,0,2766.92,1.9,0,0.3728,0,1036.29,1.2
cobolimab,G4,Kappa,10143.76,6.2,3806.72,0.3173,0.3288,0,2792.96,-0.3,0,0.4389,4.83,2278.93,3.4,0.3173,0.3288,0,2792.96,-0.3,0,0.4389,4.83,2278.93,3.4
comekibart,G4,Kappa,6674.64,8.2,2243.83,0.3017,0.2169,0,2252.96,2.8,0,0.5225,51.93,1084.36,1.3,0.3017,0.2169,0,2252.96,2.8,0,0.5225,51.93,1084.36,1.3
concizumab,G4,Kappa,6490.52,-6,2256.13,0.335,0.3219,0,2158.45,-0.3,0,0.3878,0,1086.81,-2.7,0.335,0.3219,0,2158.45,-0.3,0,0.3878,0,1086.81,-2.7
cosibelimab,G1,Lambda,7460.81,6.6,3066.03,0.439,0.397,0,3117.06,5.9,0,0.4129,0,613.35,-2.6,0.439,0.397,0,3117.06,5.9,0,0.4129,0,613.35,-2.6
crizanlizumab,G2,Kappa,7260.44,-1.8,2597,0.3767,0.2718,0,2461.49,2.8,0,0.4452,7.25,1168.73,-3.7,0.3767,0.2718,0,2461.49,2.8,0,0.4452,7.25,1168.73,-3.7
crovalimab,G1,Kappa,8606.82,10.8,3419.19,0.4421,0.3607,7.11,3766.71,5.2,0,0.3792,0,536.7,0.2,0.4421,0.3607,7.11,3766.71,5.2,0,0.3792,0,536.7,0.2
daclizumab,G1,Kappa,6566.66,14.8,3022.5,0.4684,0.5162,0,2323.98,6,0,0.3716,0,959.35,1.4,0.4684,0.5162,0,2323.98,6,0,0.3716,0,959.35,1.4
daratumumab,G1,Kappa,7642.53,10.2,3129.43,0.4489,0.4197,0,3395.25,4.9,0,0.2352,0,426.01,0.2,0.4489,0.4197,0,3395.25,4.9,0,0.2352,0,426.01,0.2
datopotamab,G1,Kappa,7412.8,16.6,2715.92,0.4716,0.3663,0,2393.68,7,0,0.2938,40.92,1312.72,1.3,0.4716,0.3663,0,2393.68,7,0,0.2938,40.92,1312.72,1.3
dazukibart,G1,Kappa,6202.1,12.8,2567.01,0.3387,0.4891,0,2251.85,5.1,0,0.3846,0,849.2,1.3,0.3387,0.4891,0,2251.85,5.1,0,0.3846,0,849.2,1.3
delpacibart,G1,Kappa,6585.86,16.8,2971.13,0.5089,0.4466,0,2665.14,9.1,0,0.3617,0,627.79,-0.7,0.5089,0.4466,0,2665.14,9.1,0,0.3617,0,627.79,-0.7
denosumab,G2,Kappa,6760.94,10,2439.89,0.3981,0.2521,0,2170.2,1.8,0,0.485,24.13,1210.26,3.2,0.3981,0.2521,0,2170.2,1.8,0,0.485,24.13,1210.26,3.2
depemokimab,G1,Kappa,7064.02,12.6,2912.1,0.3333,0.5343,0,2273.96,7,0,0.3387,4.83,1258.05,-0.7,0.3333,0.5343,0,2273.96,7,0,0.3387,4.83,1258.05,-0.7
derlotuximab,G1,Kappa,7284.65,20.4,2799.53,0.3817,0.4586,12.08,2576.12,9.9,0,0.2765,0,1066.21,0.3,0.3817,0.4586,12.08,2576.12,9.9,0,0.2765,0,1066.21,0.3
dinutuximab,G1,Kappa,7274.31,17.2,3342.05,0.5493,0.4958,0,2442.72,5,0,0.3477,0,1194.44,3.6,0.5493,0.4958,0,2442.72,5,0,0.3477,0,1194.44,3.6
disitamab,G1,Kappa,7428.15,11.2,3720.85,0.5152,0.4849,0,2355.6,4.2,0,0.5114,208.96,1358.47,1.4,0.5152,0.4849,0,2355.6,4.2,0,0.5114,208.96,1358.47,1.4
divozilimab,G1,Kappa,7463.31,20.6,2907.12,0.4238,0.4611,0,2333.32,8,0,0.2881,0,1398.33,2.3,0.4238,0.4611,0,2333.32,8,0,0.2881,0,1398.33,2.3
domvanalimab,G1,Kappa,6332.19,16.6,2992.7,0.5578,0.3704,26.57,2348.45,6,0,0.5549,22.72,817.64,2.3,0.5578,0.3704,26.57,2348.45,6,0,0.5549,22.72,817.64,2.3
donanemab,G1,Kappa,7777.44,16.4,3974.94,0.644,0.4681,0,2281.4,6.9,0,0.4849,0,1607.32,1.3,0.644,0.4681,0,2281.4,6.9,0,0.4849,0,1607.32,1.3
dostarlimab,G4,Kappa,7387.02,0.2,3052.08,0.2905,0.4801,0,2571.52,-0.3,0,0.4503,146.45,1121.99,0.4,0.2905,0.4801,0,2571.52,-0.3,0,0.4503,146.45,1121.99,0.4
drotokibart,G4,Kappa,7535.09,6,3241.35,0.5703,0.3338,51.93,2401.67,2.8,0,0.4153,36.23,1365.88,0.2,0.5703,0.3338,51.93,2401.67,2.8,0,0.4153,36.23,1365.88,0.2
dupilumab,G4,Kappa,5952.26,1.8,2570.05,0.4832,0.3904,0,2053.48,2.7,0,0.4414,0,922.65,-1.8,0.4832,0.3904,0,2053.48,2.7,0,0.4414,0,922.65,-1.8
durvalumab,G1,Kappa,5981.18,10.2,2051.78,0.4007,0.3067,0,1985.75,4.9,0,0.3398,118.3,1004.84,0.2,0.4007,0.3067,0,1985.75,4.9,0,0.3398,118.3,1004.84,0.2
ebdarokimab,G1,Kappa,6847.25,12.2,2845.77,0.3889,0.4521,0,2429.08,6.9,0,0.3865,74.44,994.55,-0.8,0.3889,0.4521,0,2429.08,6.9,0,0.3865,74.44,994.55,-0.8
ebronucimab,G1,Lambda,7385.85,0.6,2596.48,0.6025,0.247,0,3148.83,2.9,0,0.2116,0,544.1,-2.6,0.6025,0.247,0,3148.83,2.9,0,0.2116,0,544.1,-2.6
eculizumab,G2,Kappa,7425.91,-2,2828.24,0.4313,0.3194,0,2384.44,0.8,0,0.4118,0,1328.52,-1.8,0.4313,0.3194,0,2384.44,0.8,0,0.4118,0,1328.52,-1.8
efalizumab,G1,Kappa,6049.83,16.8,2581.92,0.5236,0.4357,0,2095.74,6.1,0,0.3406,56.62,929.17,2.3,0.5236,0.4357,0,2095.74,6.1,0,0.3406,56.62,929.17,2.3
elotuzumab,G1,Kappa,6502.13,6.4,2300.95,0.4247,0.2942,0,2143.15,2.9,0,0.3816,108.49,1107.92,0.3,0.4247,0.2942,0,2143.15,2.9,0,0.3816,108.49,1107.92,0.3
emactuzumab,G1,Kappa,6308.52,12.2,2719.53,0.5525,0.3,0,2370.89,5.9,0,0.5098,0,783.37,0.2,0.5525,0.3,0,2370.89,5.9,0,0.5098,0,783.37,0.2
emapalumab,G1,Lambda,7194.47,6.6,2647.1,0.4271,0.3742,0,2639.27,5,0,0.3173,0,957.97,-1.7,0.4271,0.3742,0,2639.27,5,0,0.3173,0,957.97,-1.7
empasiprubart,G1,Kappa,8085.78,4.8,3260.8,0.5962,0.4629,42.93,2506.66,1,0,0.2411,0,1536.22,1.4,0.5962,0.4629,42.93,2506.66,1,0,0.2411,0,1536.22,1.4
enfortumab,G1,Kappa,6701.11,12.2,2455.22,0.4295,0.3887,0,2815.08,4.9,0,0.1448,0,535.48,1.2,0.4295,0.3887,0,2815.08,4.9,0,0.1448,0,535.48,1.2
enlonstobart,G4,Kappa,9434.16,12,3699.75,0.3689,0.4112,8.45,2474.92,4.8,0,0.3901,122.61,2242.16,1.2,0.3689,0.4112,8.45,2474.92,4.8,0,0.3901,122.61,2242.16,1.2
epratuzumab,G1,Kappa,5814.36,14.8,2233.59,0.4163,0.3633,0,2240.06,5,0,0.3721,0,667.12,2.4,0.4163,0.3633,0,2240.06,5,0,0.3721,0,667.12,2.4
eptinezumab,G1,Kappa,8415.85,8.4,3062.77,0.4918,0.2749,0,1973.1,5.9,0,0.3624,13.28,2234.83,-1.7,0.4918,0.2749,0,1973.1,5.9,0,0.3624,13.28,2234.83,-1.7
erenumab,G2,Lambda,6849.25,16.4,2181.97,0.359,0.3365,88.57,2765.47,6,0,0.211,0,659.15,2.2,0.359,0.3365,88.57,2765.47,6,0,0.211,0,659.15,2.2
ersodetug,G2,Kappa,9134.56,4.6,3562.88,0.3968,0.4064,0,3119.06,3,0,0.3658,0,1448.22,-0.7,0.3968,0.4064,0,3119.06,3,0,0.3658,0,1448.22,-0.7
etesevimab,G1,Kappa,6195.52,10.2,2899.04,0.4831,0.4139,0,1942.09,3.9,0,0.5152,0,1155.13,1.2,0.4831,0.4135,0,1943.17,3.9,0,0.5152,0,1155.13,1.2
etrolizumab,G1,Kappa,6002.54,12.4,2759.72,0.5788,0.3383,0,2056.23,6.9,0,0.4611,0,945.04,-0.7,0.5788,0.3383,0,2056.23,6.9,0,0.4611,0,945.04,-0.7
evinacumab,G4,Kappa,6944.38,-0.2,2161.78,0.2872,0.2645,0,2605.88,-2.3,0,0.4161,1.21,866.31,2.2,0.2872,0.2645,0,2605.88,-2.3,0,0.4161,1.21,866.31,2.2
evolocumab,G2,Lambda,7400.61,6.2,2590.88,0.3834,0.4605,0,2572.71,3.8,0,0.1877,0,1127.59,-0.7,0.3834,0.4605,0,2572.71,3.8,0,0.1877,0,1127.59,-0.7
farletuzumab,G1,Kappa,7090,10.6,2502.55,0.5034,0.3746,14.49,2152.46,5,0,0.2613,0,1392.54,0.3,0.5034,0.3746,14.49,2152.46,5,0,0.2613,0,1392.54,0.3
fasinumab,G4,Kappa,7384.58,-2,2990.65,0.3046,0.4492,0,2644.85,-4.2,0,0.4338,19.32,1047.44,3.2,0.3046,0.4492,0,2644.85,-4.2,0,0.4338,19.32,1047.44,3.2
feladilimab,G4,Kappa,7288.24,0.4,2833.02,0.4124,0.4753,0,2383.06,1.9,0,0.2652,0,1261.06,-1.7,0.4124,0.4753,0,2383.06,1.9,0,0.2652,0,1261.06,-1.7
felzartamab,G1,Lambda,6465.9,8.4,2877.25,0.4948,0.4165,0,2407.83,5.9,0,0.4322,104.91,825.12,-1.7,0.4948,0.4165,0,2407.83,5.9,0,0.4322,104.91,825.12,-1.7
fianlimab,G4,Kappa,8356.1,8,2286.85,0.2518,0.1374,46.87,2676.62,0.8,0,0.4247,2.42,1501.43,3.2,0.2518,0.1374,46.87,2676.62,0.8,0,0.4247,2.42,1501.43,3.2
ficlatuzumab,G1,Kappa,7058.23,6.8,2420.33,0.3818,0.3301,0,2360.69,7.1,0,0.3353,0,1168.42,-3.7,0.3818,0.3301,0,2360.69,7.1,0,0.3353,0,1168.42,-3.7
finotonlimab,G4,Kappa,7815.21,4,3088.21,0.5227,0.4063,0,2369.02,4.7,0,0.3168,10.87,1538.59,-2.7,0.5227,0.4063,0,2369.02,4.7,0,0.3168,10.87,1538.59,-2.7
fremanezumab,G2,Kappa,7003.84,4.2,2774.63,0.5666,0.3271,0,2473.99,-0.1,0,0.2738,13.28,1027.93,2.2,0.5666,0.3271,0,2473.99,-0.1,0,0.2738,13.28,1027.93,2.2
freneslerbart,G4,Kappa,6974.14,11.8,3166.92,0.4036,0.445,16.91,2355.13,4.7,0,0.5078,0,1131.94,1.2,0.4036,0.445,16.91,2355.13,4.7,0,0.5078,0,1131.94,1.2
frexalimab,G1,Kappa,7508.26,12.4,2808.59,0.363,0.4506,0,2401.71,7.9,0,0.2902,50.67,1352.42,-1.7,0.363,0.4506,0,2401.71,7.9,0,0.2902,50.67,1352.42,-1.7
fulranumab,G2,Kappa,6453.29,4.4,2752.98,0.5723,0.2917,0,2347.29,2,0,0.434,28.98,879.36,0.2,0.5723,0.2917,0,2347.29,2,0,0.434,28.98,879.36,0.2
futuximab,G1,Kappa,7589.43,4.8,3156.53,0.3471,0.4975,0,2803.18,4,0,0.2936,0,991.54,-1.6,0.3471,0.4975,0,2803.18,4,0,0.2936,0,991.54,-1.6
galcanezumab,G4,Kappa,7369.16,8,3125.01,0.4803,0.4486,0,2262.86,2.7,0,0.3627,1.21,1421.72,1.3,0.4803,0.4486,0,2262.86,2.7,0,0.3627,1.21,1421.72,1.3
ganitumab,G1,Kappa,6924.49,12.8,2307.2,0.146,0.3323,0,2309.8,8,0,0.5016,7.25,1152.44,-1.6,0.146,0.3323,0,2309.8,8,0,0.5016,7.25,1152.44,-1.6
gantenerumab,G1,Kappa,6796.67,20.4,2594.01,0.4201,0.3854,0,2879.81,10,0,0.3116,2.14,518.53,0.2,0.4201,0.3854,0,2879.81,10,0,0.3116,2.14,518.53,0.2
garadacimab,G4,Lambda,7312.14,14,3703.89,0.6125,0.472,35.02,3166.38,3.8,0,0.2928,0,489.69,3.2,0.6125,0.472,35.02,3166.38,3.8,0,0.2928,0,489.69,3.2
garetosmab,G4,Kappa,6649.25,10,2460.73,0.3151,0.383,0,2397.5,4.8,0,0.3961,9.39,927.12,0.2,0.3151,0.383,0,2397.5,4.8,0,0.3961,9.39,927.12,0.2
gemtuzumab,G4,Kappa,7325.58,2,3028.83,0.5193,0.3737,51.77,2042.86,0.8,0,0.3967,2.42,1619.93,0.2,0.5193,0.3737,51.77,2042.86,0.8,0,0.3967,2.42,1619.93,0.2
gevokizumab,G2,Kappa,6421.29,10.4,2198.7,0.2691,0.384,0,2492.18,2.9,0,0.3694,3.26,718.46,2.3,0.2691,0.384,0,2492.18,2.9,0,0.3694,3.26,718.46,2.3
golimumab,G1,Kappa,6791.11,16.4,3021.24,0.5382,0.4169,47.92,3007.86,8,0,0.4033,1.21,387.7,0.2,0.5382,0.4169,47.92,3007.86,8,0,0.4033,1.21,387.7,0.2
gotistobart,G1,Kappa,6918.21,8.8,2688.12,0.3176,0.3669,0,2816.79,5.1,0,0.5272,0,642.31,-0.7,0.3176,0.3669,0,2816.79,5.1,0,0.5272,0,642.31,-0.7
gumokimab,G1,Kappa,7322.93,12.8,3315.9,0.3442,0.5296,0,2569.9,3.9,0,0.4515,0,1091.56,2.5,0.3442,0.5296,0,2569.9,3.9,0,0.4515,0,1091.56,2.5
guselkumab,G1,Lambda,6346.7,16.4,2652.4,0.5565,0.4505,0,2234.56,7.9,0,0.2279,0,938.79,0.3,0.5565,0.4505,0,2234.56,7.9,0,0.2279,0,938.79,0.3
ianalumab,G1,Kappa,6680.82,18.2,2415.87,0.2598,0.3918,0,2885.08,8.9,0,0.448,0,455.34,0.2,0.2598,0.3918,0,2885.08,8.9,0,0.448,0,455.34,0.2
ibalizumab,G4,Kappa,7342.17,0,2865.2,0.3734,0.3159,60.48,2454.6,-0.2,0,0.4834,0,1216.48,0.2,0.3734,0.3159,60.48,2454.6,-0.2,0,0.4834,0,1216.48,0.2
ibritumomab,G1,Kappa,7869.24,20.6,3401.33,0.5837,0.3976,0,2738.62,8,0,0.3724,0,1196,2.3,0.5837,0.3976,0,2738.62,8,0,0.3724,0,1196,2.3
ifinatamab,G1,Kappa,7458.49,10.6,3501.88,0.7392,0.3855,0,2595.81,5,0,0.506,0,1133.44,0.3,0.7392,0.3855,0,2595.81,5,0,0.506,0,1133.44,0.3
imsidolimab,G4,Kappa,6904.84,12.4,2807.68,0.431,0.3529,0,2381.33,5.8,0,0.4425,68.83,1071.09,0.4,0.431,0.3529,0,2381.33,5.8,0,0.4425,68.83,1071.09,0.4
inebilizumab,G1,Kappa,7401.84,2.4,2572.71,0.359,0.3955,0,2703.73,5.9,0,0.2506,0,997.19,-4.7,0.359,0.3955,0,2703.73,5.9,0,0.2506,0,997.19,-4.7
infliximab,G1,Kappa,7461.24,3,3291.92,0.4499,0.5105,0,2503.47,4.1,0,0.3436,0,1227.15,-2.6,0.4499,0.5105,0,2503.47,4.1,0,0.3436,0,1227.15,-2.6
inotuzumab,G4,Kappa,8016.21,10.4,3136.55,0.339,0.4564,29.47,2511.7,4.8,0,0.3599,0,1496.4,0.4,0.339,0.4564,29.47,2511.7,4.8,0,0.3599,0,1496.4,0.4
ipilimumab,G1,Kappa,5615.35,16.4,1916.53,0.4396,0.3185,0,2042.62,8,0,0.2854,11.6,765.06,0.2,0.4396,0.3185,0,2042.62,8,0,0.2854,11.6,765.06,0.2
isatuximab,G1,Kappa,7974.62,8.8,3884.37,0.6436,0.4819,0,2465.38,5,0,0.4208,118.41,1521.93,-0.6,0.6436,0.4819,0,2465.38,5,0,0.4208,118.41,1521.93,-0.6
itepekimab,G4,Kappa,6726.59,6,2573.3,0.4146,0.2612,0,2263.79,1.8,0,0.5137,27.66,1098.9,1.2,0.4146,0.261,0,2265,1.8,0,0.5137,27.66,1098.9,1.2
itolizumab,G1,Kappa,6756.12,14.4,2514.99,0.5132,0.2586,0,2623.71,7.9,0,0.2738,14.49,754.35,-0.7,0.5132,0.2586,0,2623.71,7.9,0,0.2738,14.49,754.35,-0.7
ixekizumab,G4,Kappa,6963.56,8.8,3483.53,0.5426,0.38,0,2143.11,0.9,0,0.636,0,1338.67,3.5,0.5426,0.38,0,2143.11,0.9,0,0.636,0,1338.67,3.5
lanadelumab,G1,Kappa,6013.08,16.4,2209.81,0.609,0.3046,9.66,2209.23,7,0,0.3055,0,797.31,1.2,0.609,0.3046,9.66,2209.23,7,0,0.3055,0,797.31,1.2
latozinemab,G1,Kappa,7339.86,12.4,2913.57,0.3446,0.3913,0,2459.46,8,0,0.4414,0,1210.47,-1.8,0.3446,0.3913,0,2459.46,8,0,0.4414,0,1210.47,-1.8
lebrikizumab,G4,Kappa,6153.37,-4,2524.72,0.541,0.4425,27.78,2027.03,1.7,0,0.2728,0,1049.66,-3.7,0.541,0.4425,27.78,2027.03,1.7,0,0.2728,0,1049.66,-3.7
lecanemab,G1,Kappa,8093.95,14.8,2888.15,0.5244,0.2306,101.33,3276.01,6,0,0.38,0,770.36,1.4,0.5244,0.2304,101.33,3277.21,6,0,0.38,0,770.36,1.4
lemzoparlimab,G4,Kappa,7660.32,7.8,3586.62,0.2814,0.6072,0,2682.18,3.7,0,0.4077,157.87,1147.97,0.2,0.2814,0.6072,0,2682.18,3.7,0,0.4077,157.87,1147.97,0.2
lenvervimab,G1,Kappa,6919.24,14.2,3683.65,0.6265,0.4939,0,3029.93,6.9,0,0.3986,0,429.69,0.2,0.6265,0.4939,0,3029.93,6.9,0,0.3986,0,429.69,0.2
lerdelimumab,G4,Lambda,9227.37,4.2,4150.67,0.3905,0.4241,54.18,2278.13,1.8,0,0.4865,204.68,2335.55,0.3,0.3905,0.4241,54.18,2278.13,1.8,0,0.4865,204.68,2335.55,0.3
leronlimab,G4,Kappa,7003.15,2.4,2564.8,0.2593,0.4276,35.02,2368.2,1.7,0,0.37,0,1133.37,-0.5,0.2593,0.4276,35.02,2368.2,1.7,0,0.37,0,1133.37,-0.5
levilimab,G1,Kappa,6828.2,10.4,2750.4,0.4104,0.4927,110.13,2586.55,7,0,0.2255,0,827.55,-1.8,0.4104,0.4927,110.13,2586.55,7,0,0.2255,0,827.55,-1.8
ligelizumab,G1,Kappa,6423.88,2.8,2723.78,0.5413,0.349,0,2581.16,2.1,0,0.5143,64.42,630.78,-0.7,0.5413,0.349,0,2581.16,2.1,0,0.5143,64.42,630.78,-0.7
ligufalimab,G4,Kappa,6469.92,6.4,2400.17,0.3563,0.4324,0,2040.9,2.9,0,0.3231,0,1194.06,0.3,0.3563,0.4324,0,2040.9,2.9,0,0.3231,0,1194.06,0.3
lirentelimab,G1,Kappa,7613.94,8.6,3034.18,0.459,0.3587,0,2832.39,5,0,0.4154,0,974.58,-0.7,0.459,0.3587,0,2832.39,5,0,0.4154,0,974.58,-0.7
litifilimab,G1,Kappa,8172.8,2.2,3892.56,0.4969,0.4978,0,3302.65,4.9,0,0.3871,0,783.75,-3.8,0.4969,0.4978,0,3302.65,4.9,0,0.3871,0,783.75,-3.8
loncastuximab,G1,Kappa,7096.38,10.8,2969.05,0.5705,0.4116,131.87,2694.37,4,0,0.2697,0,853.83,1.4,0.5705,0.4116,131.87,2694.37,4,0,0.2697,0,853.83,1.4
lusvertikimab,G4,Kappa,6399.06,4.2,2397.76,0.3831,0.3129,0,2297.26,3.8,0,0.4696,0,902.27,-1.7,0.3831,0.3129,0,2297.26,3.8,0,0.4696,0,902.27,-1.7
magrolimab,G4,Kappa,6690.34,6.2,2769.58,0.4789,0.3605,0,2134.84,2.8,0,0.4176,0,1210.33,0.3,0.4789,0.3605,0,2134.84,2.8,0,0.4176,0,1210.33,0.3
manfidokimab,G4,Kappa,7552.53,8.2,2680.6,0.2683,0.3161,0,2504.56,3.8,0,0.4758,0,1271.71,0.3,0.2683,0.3161,0,2504.56,3.8,0,0.4758,0,1271.71,0.3
margetuximab,G1,Kappa,8923.76,13,3926.32,0.446,0.4935,0,2601.88,5,0,0.3845,152.02,1860,1.5,0.446,0.4935,0,2601.88,5,0,0.3845,152.02,1860,1.5
marstacimab,G1,Lambda,6727.76,8.4,2866.65,0.5318,0.3842,0,2693.26,4.9,0,0.3449,0,670.62,-0.7,0.5318,0.3842,0,2693.26,4.9,0,0.3449,0,670.62,-0.7
masavibart,G1,Lambda,6578.25,14.4,2554.54,0.5394,0.3457,97.09,2561.93,5.9,0,0.2653,0,727.19,1.3,0.5394,0.3457,97.09,2561.93,5.9,0,0.2653,0,727.19,1.3
mazorelvimab,G1,Kappa,7659.36,10.2,3477.12,0.5219,0.4305,0,2950.77,6.9,0,0.4191,16.63,878.91,-1.8,0.5219,0.4305,0,2950.77,6.9,0,0.4191,16.63,878.91,-1.8
mepolizumab,G1,Kappa,7061.69,12.6,2560.54,0.2979,0.4891,0,2362.53,7,0,0.27,0,1168.32,-0.7,0.2979,0.4891,0,2362.53,7,0,0.27,0,1168.32,-0.7
mevonlerbart,G4,Kappa,9272.32,5.8,3957.8,0.3328,0.4964,0,2504.64,0.7,0,0.4229,2.14,2131.52,2.2,0.3328,0.4964,0,2504.64,0.7,0,0.4229,2.14,2131.52,2.2
mibavademab,G4,Kappa,7740.19,7.8,2542.67,0.2807,0.348,99.62,3021.78,2.7,0,0.344,71.55,848.31,1.2,0.2807,0.348,99.62,3021.78,2.7,0,0.344,71.55,848.31,1.2
mirikizumab,G4,Kappa,7349.24,10.2,2652.35,0.2155,0.3361,0,2117.91,4.8,0,0.4697,0,1556.71,0.3,0.2155,0.3361,0,2117.91,4.8,0,0.4697,0,1556.71,0.3
mirvetuximab,G1,Kappa,8767.17,9,2902.75,0.3623,0.4378,12.08,2799.24,5.1,0,0.1942,0,1584.34,-0.6,0.3623,0.4378,12.08,2799.24,5.1,0,0.1942,0,1584.34,-0.6
modotuximab,G1,Kappa,7385.96,6.8,4000.13,0.4945,0.5506,0,2502.17,4.1,0,0.5604,57.05,1190.8,-0.7,0.4945,0.5506,0,2502.17,4.1,0,0.5604,57.05,1190.8,-0.7
mogamulizumab,G1,Kappa,7061.82,10.6,2414.8,0.4587,0.2897,0,2784.1,6,0,0.2401,0,746.81,-0.7,0.4587,0.2897,0,2784.1,6,0,0.2401,0,746.81,-0.7
monalizumab,G4,Kappa,6589.97,2.4,2199.14,0.4112,0.2556,0,2710.45,-0.2,0,0.3923,0,584.54,1.4,0.4112,0.2556,0,2710.45,-0.2,0,0.3923,0,584.54,1.4
motavizumab,G1,Kappa,7556.36,14.6,2970.34,0.3582,0.5242,0,2482.14,6,0,0.2416,0,1296.04,1.3,0.3582,0.5242,0,2482.14,6,0,0.2416,0,1296.04,1.3
nadunolimab,G1,Kappa,6661.23,8.8,3395.09,0.5005,0.5877,0,2355.03,5,0,0.4212,0,975.58,-0.6,0.5005,0.5877,0,2355.03,5,0,0.4212,0,975.58,-0.6
narlumosbart,G4,Kappa,7214.58,7.8,2300.69,0.3211,0.2447,0,2313.81,0.7,0,0.4163,1.21,1293.48,3.2,0.3211,0.2447,0,2313.81,0.7,0,0.4163,1.21,1293.48,3.2
natalizumab,G4,Kappa,6477.7,6.2,1627.77,0.3208,0.2053,0,2417.31,2.8,0,0.2531,86.15,821.54,0.3,0.3208,0.2053,0,2417.31,2.8,0,0.2531,86.15,821.54,0.3
naxitamab,G1,Kappa,6336.74,14.6,2673.09,0.5011,0.323,0,2383.45,8.1,0,0.5179,1.21,784.92,-0.8,0.5011,0.323,0,2383.45,8.1,0,0.5179,1.21,784.92,-0.8
necitumumab,G1,Kappa,7622.73,10.4,3301.16,0.42,0.428,0,2295.55,5.9,0,0.4445,74.87,1515.81,-0.7,0.42,0.428,0,2295.55,5.9,0,0.4445,74.87,1515.81,-0.7
nemolizumab,G2,Kappa,6902.55,-9.6,2850.67,0.2697,0.5013,0,2473.67,-1.2,0,0.4349,36.47,977.6,-3.6,0.2697,0.5013,0,2473.67,-1.2,0,0.4349,36.47,977.6,-3.6
nepuvibart,G1,Kappa,6257.66,8.2,2902.95,0.6529,0.3879,0,2302.13,6.9,0,0.3654,18.11,826.69,-2.8,0.6529,0.3879,0,2302.13,6.9,0,0.3654,18.11,826.69,-2.8
netakimab,G1,Kappa,6977.97,12.2,2633.35,0.408,0.3824,37.01,2701.31,6.9,0,0.3302,0,787.67,-0.8,0.408,0.3824,37.01,2701.31,6.9,0,0.3302,0,787.67,-0.8
nimotuzumab,G1,Kappa,7514.09,12.6,2867.58,0.2988,0.441,0,3342.85,4.9,0,0.3061,0,414.19,1.4,0.2988,0.441,0,3342.85,4.9,0,0.3061,0,414.19,1.4
nirsevimab,G1,Kappa,7278.46,-9.4,3136.8,0.4664,0.4215,0,2875.79,-1.9,0,0.4315,0,763.44,-2.8,0.4664,0.4215,0,2875.79,-1.9,0,0.4315,0,763.44,-2.8
nisevokitug,G2,Lambda,7524.43,0.2,2410.08,0.2893,0.3558,0,2465.89,3.8,0,0.3066,0,1296.33,-3.7,0.2893,0.3558,0,2465.89,3.8,0,0.3066,0,1296.33,-3.7
nivolumab,G4,Kappa,9034.74,6,3428.85,0.3531,0.336,32.26,2381.19,2.8,0,0.4208,92.11,2136.17,0.2,0.3531,0.336,32.26,2381.19,2.8,0,0.4208,92.11,2136.17,0.2
nofazinlimab,G4,Kappa,6887.52,4,2617.72,0.1802,0.3707,0,2122.6,2.7,0,0.5291,149.42,1321.16,-0.7,0.1802,0.3707,0,2122.6,2.7,0,0.5291,149.42,1321.16,-0.7
obexelimab,G1,Kappa,7730.77,8.6,3281.97,0.4725,0.4207,0,2883.15,6,0,0.3667,19.32,982.24,-1.7,0.4725,0.4207,0,2883.15,6,0,0.3667,19.32,982.24,-1.7
obiltoxaximab,G1,Kappa,7469.62,16.2,2581.78,0.5109,0.2811,0,3059.88,6.9,0,0.1914,0,674.94,1.2,0.5109,0.2811,0,3059.88,6.9,0,0.1914,0,674.94,1.2
obinutuzumab,G1,Kappa,7660.76,10.4,2331.88,0.3919,0.313,0,2880.66,6.9,0,0.1668,0,949.72,-1.7,0.3919,0.313,0,2880.66,6.9,0,0.1668,0,949.72,-1.7
ociperlimab,G1,Kappa,6361.91,10.4,2482.79,0.4832,0.2665,23.88,2185.25,4.9,0,0.5044,179.86,995.7,0.3,0.4832,0.2665,23.88,2185.25,4.9,0,0.5044,179.86,995.7,0.3
ocrelizumab,G1,Kappa,7619.19,16.6,3284.58,0.5373,0.368,0,2437.1,7,0,0.4232,0,1372.49,1.3,0.5373,0.368,0,2437.1,7,0,0.4232,0,1372.49,1.3
odesivimab,G1,Kappa,7663.24,8.4,2740.36,0.3559,0.3917,0,2966.24,5,0,0.2958,16.91,865.37,-0.8,0.3559,0.3917,0,2966.24,5,0,0.2958,16.91,865.37,-0.8
ofatumumab,G1,Kappa,7808.45,12.4,3729.13,0.5055,0.4982,0,3529.6,6,0,0.2576,3.21,374.63,0.2,0.5055,0.4982,0,3529.6,6,0,0.2576,3.21,374.63,0.2
olaratumab,G1,Kappa,8401.41,12.2,3380.38,0.3003,0.388,0,2852.2,5.9,0,0.4907,26.57,1348.5,0.2,0.3003,0.388,0,2852.2,5.9,0,0.4907,26.57,1348.5,0.2
oleclumab,G1,Lambda,6072.69,14.4,2096.34,0.4069,0.3005,0,2266.24,7.9,0,0.3383,0,770.11,-0.7,0.4069,0.3005,0,2266.24,7.9,0,0.3383,0,770.11,-0.7
olokizumab,G4,Kappa,7897.82,-4,2921.08,0.5921,0.1896,0,2439.48,-0.3,0,0.3649,0,1509.43,-1.7,0.5921,0.1896,0,2439.48,-0.3,0,0.3649,0,1509.43,-1.7
omalizumab,G1,Kappa,7871.85,3,3056.87,0.3513,0.5016,0,2861.63,6.2,0,0.2524,12.08,1074.29,-4.7,0.3513,0.5016,0,2861.63,6.2,0,0.2524,12.08,1074.29,-4.7
omectatug,G1,Kappa,7767.52,16.4,3268.73,0.4875,0.4054,0,2631.54,8,0,0.3801,3.62,1252.21,0.2,0.4875,0.4054,0,2631.54,8,0,0.3801,3.62,1252.21,0.2
ongericimab,G4,Kappa,6952.08,4.6,2079.66,0.4457,0.2036,0,2063.14,3.9,0,0.346,0,1412.9,-1.6,0.4457,0.2036,0,2063.14,3.9,0,0.346,0,1412.9,-1.6
ontamalimab,G2,Kappa,6669.94,2.2,2447.31,0.2953,0.341,0,2362.88,2.8,0,0.4809,15.41,972.09,-1.7,0.2953,0.341,0,2362.88,2.8,0,0.4809,15.41,972.09,-1.7
ormutivimab,G1,Lambda,6951.11,10.4,2854.05,0.5767,0.3594,0,2571.5,4.9,0,0.3442,0,904.06,0.3,0.5767,0.3594,0,2571.5,4.9,0,0.3442,0,904.06,0.3
otilimab,G1,Lambda,6633.53,18.2,2765.21,0.5221,0.3427,0,1943.13,7.9,0,0.4428,70.57,1373.63,1.2,0.5221,0.3427,0,1943.13,7.9,0,0.4428,70.57,1373.63,1.2
pabinafusp,G1,Kappa,6644.84,12.8,3346.36,0.579,0.4318,0,2452.61,4.9,0,0.5885,0,869.81,1.5,0.579,0.4318,0,2452.61,4.9,0,0.5885,0,869.81,1.5
palivizumab,G1,Kappa,7108.74,16.4,3298.81,0.5792,0.568,0,2309.39,6.9,0,0.2645,0,1244.98,1.3,0.5792,0.568,0,2309.39,6.9,0,0.2645,0,1244.98,1.3
pamrevlumab,G1,Kappa,6085.52,12.6,2679.49,0.55,0.4097,51.93,2165.28,6.1,0,0.3833,50.72,877.48,0.2,0.55,0.4097,51.93,2165.28,6.1,0,0.3833,50.72,877.48,0.2
panitumumab,G2,Kappa,7348.13,-1.4,2351.02,0.2352,0.3989,0,2228.41,2.9,0,0.3154,0,1445.66,-3.6,0.2352,0.3989,0,2228.41,2.9,0,0.3154,0,1445.66,-3.6
paridiprubart,G1,Kappa,6703.55,11.4,2407.09,0.2688,0.3751,0,2160.4,7.1,0,0.4101,0,1191.37,-1.4,0.2688,0.3751,0,2160.4,7.1,0,0.4101,0,1191.37,-1.4
patritumab,G1,Kappa,6431.7,12.4,3062.88,0.6289,0.4993,0,2216.23,8,0,0.339,19.32,999.62,-1.8,0.6289,0.4993,0,2216.23,8,0,0.339,19.32,999.62,-1.8
pembrolizumab,G4,Kappa,7170.55,4.2,2908.86,0.5211,0.4421,134.34,2549.45,2.7,0,0.2202,0,1035.83,-0.6,0.5211,0.4421,134.34,2549.45,2.7,0,0.2202,0,1035.83,-0.6
pemivibart,G1,Lambda,7567.45,2.4,2091.01,0.4603,0.1416,0,3104.77,2.9,0,0.2771,0,678.96,-1.7,0.4603,0.1416,0,3104.77,2.9,0,0.2771,0,678.96,-1.7
penpulimab,G1,Kappa,7189.48,12.2,2394.47,0.3224,0.4321,58.9,2972.43,5.9,0,0.1054,0,622.31,0.2,0.3224,0.4321,58.9,2972.43,5.9,0,0.1054,0,622.31,0.2
pertuzumab,G1,Kappa,7243.97,12.2,3124.52,0.4456,0.3421,0,2267.41,4.9,0,0.522,0,1354.58,1.2,0.4456,0.3421,0,2267.41,4.9,0,0.522,0,1354.58,1.2
polatuzumab,G1,Kappa,6519.52,-1.8,2988.43,0.4655,0.4689,0,2051.78,3.9,0,0.4425,4.72,1207.98,-4.8,0.4655,0.4689,0,2051.78,3.9,0,0.4425,4.72,1207.98,-4.8
pozelimab,G4,Kappa,5954.47,3.8,2650.93,0.5132,0.4466,0,1987.79,-0.3,0,0.3837,3.62,989.44,2.2,0.5132,0.4466,0,1987.79,-0.3,0,0.3837,3.62,989.44,2.2
prolgolimab,G1,Lambda,6878.34,18.4,2913.17,0.5251,0.2766,36.99,2192.6,6.9,0,0.4693,0,1246.57,2.3,0.5251,0.2766,36.99,2192.6,6.9,0,0.4693,0,1246.57,2.3
pucotenlimab,G4,Kappa,6513.17,5.8,3029.53,0.6122,0.4503,99.1,2140.62,3.7,0,0.3298,0,1115.97,-0.8,0.6122,0.4503,99.1,2140.62,3.7,0,0.3298,0,1115.97,-0.8
pulocimab,G1,Kappa,5946.94,14.2,2298.72,0.482,0.2897,93.19,2149.47,6.9,0,0.4013,0,824,0.2,0.482,0.2897,93.19,2149.47,6.9,0,0.4013,0,824,0.2
racotumomab,G1,Kappa,6456.13,4.4,2528.65,0.4102,0.3971,0,2297.2,3.9,0,0.3668,0,930.86,-1.7,0.4102,0.3971,0,2297.2,3.9,0,0.3668,0,930.86,-1.7
rademikibart,G4,Kappa,9283.83,6,3487.59,0.2938,0.4203,0,2544.63,3.7,0,0.3827,200.35,2097.29,-0.7,0.2938,0.4203,0,2544.63,3.7,0,0.3827,200.35,2097.29,-0.7
ramucirumab,G1,Kappa,5973.33,14.2,2263.37,0.4855,0.2889,90.89,2132.89,6.9,0,0.3604,0,853.77,0.2,0.4855,0.2889,90.89,2132.89,6.9,0,0.3604,0,853.77,0.2
ravulizumab,G2,Kappa,7136.99,-1.6,2737.98,0.434,0.309,0,2283.62,1,0,0.428,0,1284.88,-1.8,0.434,0.309,0,2283.62,1,0,0.428,0,1284.88,-1.8
recaticimab,G1,Kappa,8559.94,16.6,4287.51,0.6395,0.3864,0,3048.53,4.1,0,0.4816,0,1231.44,4.2,0.6395,0.3864,0,3048.53,4.1,0,0.4816,0,1231.44,4.2
regdanvimab,G1,Lambda,7412.34,14.4,3000.06,0.3481,0.5704,0,2856.04,9,0,0.0822,0,850.13,-1.8,0.3481,0.5704,0,2856.04,9,0,0.0822,0,850.13,-1.8
relatlimab,G4,Kappa,6032.4,0,2573.35,0.3861,0.4655,0,2070.76,0.8,0,0.4071,0,945.44,-0.8,0.3861,0.4655,0,2070.76,0.8,0,0.4071,0,945.44,-0.8
remternetug,G1,Kappa,7607.81,12.4,3167.77,0.475,0.4116,0,3424.99,4.9,0,0.2436,0,378.92,1.3,0.475,0.4116,0,3424.99,4.9,0,0.2436,0,378.92,1.3
reslizumab,G4,Kappa,9627.15,-0.2,3813.24,0.3471,0.4036,0,2795.81,-0.3,0,0.4184,81.32,2017.76,0.2,0.3471,0.4036,0,2795.81,-0.3,0,0.4184,81.32,2017.76,0.2
retifanlimab,G4,Kappa,7542.08,-3.6,3051.05,0.4554,0.3068,0,2414.67,0.9,0,0.4657,0,1356.37,-2.7,0.4554,0.3068,0,2414.67,0.9,0,0.4657,0,1356.37,-2.7
riliprubart,G4,Kappa,6884.11,-15.8,2473.66,0.4124,0.2898,0,2130.47,0.9,0,0.4097,38.9,1311.58,-8.8,0.4124,0.2898,0,2130.47,0.9,0,0.4097,38.9,1311.58,-8.8
rinatabart,G1,Kappa,6396.14,20.4,2612.11,0.6367,0.3454,138.2,2423.9,9,0,0.3419,25.13,774.17,1.2,0.6367,0.3454,138.2,2423.9,9,0,0.3419,25.13,774.17,1.2
ripertamab,G1,Kappa,7839.3,20.6,2851.45,0.5552,0.4218,0,2370.31,8,0,0.2186,0,1549.34,2.3,0.5552,0.4218,0,2370.31,8,0,0.2186,0,1549.34,2.3
risankizumab,G1,Kappa,8155.71,16.8,3861.38,0.3615,0.5148,37.01,2570.77,6,0,0.4739,287.7,1507.08,2.4,0.3615,0.5148,37.01,2570.77,6,0,0.4739,287.7,1507.08,2.4
rituximab,G1,Kappa,7839.3,20.6,2851.45,0.5552,0.4218,0,2370.31,8,0,0.2186,0,1549.34,2.3,0.5552,0.4218,0,2370.31,8,0,0.2186,0,1549.34,2.3
rocatinlimab,G1,Kappa,7601.17,16.8,3570.5,0.4826,0.5883,99.77,2165.66,9.2,0,0.3701,48.83,1634.92,-0.8,0.4826,0.5883,99.77,2165.66,9.2,0,0.3701,48.83,1634.92,-0.8
roconkibart,G4,Kappa,6831.29,2.6,2720.87,0.4346,0.402,0,2174.68,-0.2,0,0.373,0,1240.97,1.5,0.4346,0.402,0,2174.68,-0.2,0,0.373,0,1240.97,1.5
romosozumab,G2,Kappa,6630.1,-1.8,2487.24,0.4443,0.3177,0,2638.71,-1.1,0,0.3781,0,676.34,0.2,0.4443,0.3177,0,2638.71,-1.1,0,0.3781,0,676.34,0.2
rosopatamab,G1,Kappa,7658.57,2.6,3885.66,0.5757,0.5005,0,2660.42,3,0,0.459,77.15,1168.87,-1.7,0.5757,0.5005,0,2660.42,3,0,0.459,77.15,1168.87,-1.7
rovelizumab,G4,Kappa,7593.61,-2,3400.27,0.4341,0.6097,0,2339.31,3.7,0,0.3025,0,1457.5,-4.7,0.4341,0.6097,0,2339.31,3.7,0,0.3025,0,1457.5,-4.7
rozanolixizumab,G4,Kappa,6247.65,6.2,2668.1,0.4369,0.3666,28.53,1724.69,0.7,0,0.4714,0,1399.13,2.4,0.4369,0.3666,28.53,1724.69,0.7,0,0.4714,0,1399.13,2.4
sabatolimab,G4,Kappa,7140.66,6,2903.11,0.4986,0.4344,0,2145.91,2.8,0,0.3166,15.7,1424.42,0.2,0.4986,0.4344,0,2145.91,2.8,0,0.3166,15.7,1424.42,0.2
sacituzumab,G1,Kappa,7624.84,14.4,2885.72,0.4974,0.3139,0,2342.67,6.9,0,0.3661,90.26,1469.75,0.3,0.4974,0.3139,0,2342.67,6.9,0,0.3661,90.26,1469.75,0.3
sarilumab,G1,Kappa,5379.58,10.4,2157.96,0.5311,0.3305,0,1985.96,5,0,0.3416,12.08,703.83,0.2,0.5311,0.3305,0,1985.96,5,0,0.3416,12.08,703.83,0.2
sasanlimab,G4,Kappa,8028.93,4,3023.96,0.2169,0.4737,0,2292.26,4.7,0,0.4018,159.27,1722.2,-2.7,0.2169,0.4737,0,2292.26,4.7,0,0.4018,159.27,1722.2,-2.7
satralizumab,G2,Kappa,6967.24,-11,2964.81,0.3108,0.4678,0,2200.49,0.1,0,0.4886,26.57,1283.13,-5.6,0.3108,0.4678,0,2200.49,0.1,0,0.4886,26.57,1283.13,-5.6
satumomab,G1,Kappa,7315.05,11,3517.42,0.4213,0.6294,0,2482.51,6.2,0,0.2786,7.25,1175.01,-0.7,0.4213,0.6294,0,2482.51,6.2,0,0.2786,7.25,1175.01,-0.7
secukinumab,G1,Kappa,6628.54,8.4,2709.41,0.4453,0.4799,71.57,2716.17,4,0,0.1565,2.42,598.1,0.2,0.4453,0.4799,71.57,2716.17,4,0,0.1565,2.42,598.1,0.2
semzuvolimab,G1,Kappa,7153.61,6.6,2715.48,0.4844,0.411,0,2389.21,7,0,0.2702,0,1187.6,-3.7,0.4844,0.411,0,2389.21,7,0,0.2702,0,1187.6,-3.7
seniprutug,G1,Kappa,6514.45,10.6,2599.64,0.5425,0.3702,0,2582.89,5,0,0.3066,6.04,674.34,0.3,0.5425,0.3702,0,2582.89,5,0,0.3066,6.04,674.34,0.3
serplulimab,G4,Kappa,7798.87,8.2,3016.5,0.2915,0.5453,0,2714.76,2.7,0,0.352,43.2,1184.67,1.4,0.2915,0.5453,0,2714.76,2.7,0,0.352,43.2,1184.67,1.4
setrusumab,G2,Lambda,7684.64,-1.4,2421.66,0.2321,0.3249,0,2602.35,3,0,0.3525,0,1239.97,-3.7,0.2321,0.3249,0,2602.35,3,0,0.3525,0,1239.97,-3.7
sibeprenlimab,G2,Kappa,6472.94,12.6,2804.94,0.5539,0.4445,0,2497.34,5,0,0.2121,0,739.13,1.3,0.5539,0.4445,0,2497.34,5,0,0.2121,0,739.13,1.3
sigvotatug,G1,Kappa,6725.35,16.2,2935.38,0.424,0.5244,0,2286,9.9,0,0.351,0,1076.68,-1.8,0.424,0.5244,0,2286,9.9,0,0.351,0,1076.68,-1.8
siltartoxatug,G1,Kappa,6594.87,16.4,2825.19,0.4445,0.4956,0,2331.07,8,0,0.3092,0,966.37,0.2,0.4445,0.4956,0,2331.07,8,0,0.3092,0,966.37,0.2
siltuximab,G1,Kappa,7122.96,10.2,2701.43,0.3735,0.3605,0,2482.02,4.9,0,0.4124,92.83,1080.06,0.2,0.3741,0.3605,0,2480.81,4.9,0,0.4124,92.83,1080.06,0.2
sintilimab,G4,Kappa,6974.79,2.2,3519.84,0.5997,0.5519,0,2464.41,-0.2,0,0.3455,22.94,1022.98,1.3,0.5997,0.5519,0,2464.41,-0.2,0,0.3455,22.94,1022.98,1.3
socazolimab,G1,Lambda,7525.27,8.4,3081.06,0.4832,0.4273,190.25,2621.62,3.9,0,0.3211,0,1141.01,0.3,0.4832,0.4273,190.25,2621.62,3.9,0,0.3211,0,1141.01,0.3
solanezumab,G1,Kappa,6585.86,14.6,2494.38,0.5194,0.2574,0,2013.05,5.9,0,0.3948,0,1279.88,1.4,0.5194,0.2574,0,2013.05,5.9,0,0.3948,0,1279.88,1.4
sonesitatug,G1,Kappa,7492.69,14.2,3229.32,0.4535,0.5179,0,2567.07,7.9,0,0.2928,42.37,1179.28,-0.8,0.4535,0.5179,0,2567.07,7.9,0,0.2928,42.37,1179.28,-0.8
spesolimab,G1,Kappa,8267.77,17,3030.69,0.4322,0.4276,0,1950.12,6,0,0.3105,0,2183.76,2.5,0.4322,0.4276,0,1950.12,6,0,0.3105,0,2183.76,2.5
stapokibart,G4,Kappa,7487.01,8,3476.3,0.4401,0.427,0,2126.55,3.7,0,0.5058,0,1616.96,0.3,0.4401,0.427,0,2126.55,3.7,0,0.5058,0,1616.96,0.3
sugemalimab,G4,Lambda,6878.37,0.2,2487.29,0.3466,0.3522,0,2082.2,2.7,0,0.3794,51.93,1356.98,-2.6,0.3466,0.3522,0,2082.2,2.7,0,0.3794,51.93,1356.98,-2.6
suptavumab,G1,Kappa,7317.5,10.4,3351.72,0.5818,0.3911,0,3170.62,4,0,0.3933,8.45,488.13,1.2,0.5818,0.3911,0,3170.62,4,0,0.3933,8.45,488.13,1.2
sutimlimab,G4,Kappa,6469.93,10.4,3129.48,0.5663,0.4165,0,1874.3,2.8,0,0.4704,0,1360.66,2.4,0.5663,0.4165,0,1874.3,2.8,0,0.4704,0,1360.66,2.4
suvemcitug,G1,Kappa,6968.84,8.2,2860.28,0.6664,0.3962,0,2620.68,3.9,0,0.1228,0,863.74,0.2,0.6664,0.3962,0,2620.68,3.9,0,0.1228,0,863.74,0.2
suvratoxumab,G1,Kappa,6557.16,12.8,2425.27,0.4336,0.3273,0,2413.33,5.2,0,0.3975,1.21,865.25,1.2,0.4336,0.3273,0,2413.33,5.2,0,0.3975,1.21,865.25,1.2
tabalumab,G4,Kappa,5997.73,8,1741.14,0.282,0.231,1.21,2278.64,1.8,0,0.4342,0,720.22,2.2,0.282,0.231,1.21,2278.64,1.8,0,0.4342,0,720.22,2.2
tafasitamab,G1,Kappa,7730.77,8.6,3281.97,0.4725,0.4207,0,2883.15,6,0,0.3667,19.32,982.24,-1.7,0.4725,0.4207,0,2883.15,6,0,0.3667,19.32,982.24,-1.7
tafolecimab,G2,Kappa,6430.75,12,2533.24,0.3651,0.3962,0,2170.22,4.8,0,0.4136,0,1045.15,1.2,0.3651,0.3962,0,2170.22,4.8,0,0.4136,0,1045.15,1.2
tagitanlimab,G1,Kappa,7032.63,10.4,3471.77,0.5986,0.4894,0,2479.48,5.9,0,0.4191,0,1036.84,-0.7,0.5986,0.4894,0,2479.48,5.9,0,0.4191,0,1036.84,-0.7
tanezumab,G2,Kappa,5652.96,6.4,1899.45,0.3841,0.2815,0,2236.95,1.8,0,0.4242,2.42,589.53,1.4,0.3841,0.2815,0,2236.95,1.8,0,0.4242,2.42,589.53,1.4
tarcocimab,G1,Kappa,7123.51,6.8,2893.66,0.5705,0.2856,0,3139.65,4.1,0,0.3923,0,422.11,-0.7,0.5705,0.2856,0,3139.65,4.1,0,0.3923,0,422.11,-0.7
telikibart,G1,Kappa,7335.53,14.2,3039.19,0.4517,0.369,0,3085.93,7.9,0,0.4253,2.42,581.83,-0.8,0.4517,0.369,0,3085.93,7.9,0,0.4253,2.42,581.83,-0.8
teplizumab,G1,Kappa,6293.38,20.6,2101.65,0.353,0.4093,0,2040.38,10.1,0,0.2256,0,1106.31,0.2,0.353,0.4093,0,2040.38,10.1,0,0.2256,0,1106.31,0.2
teprotumumab,G1,Kappa,5775.08,20.4,2102.49,0.5085,0.3635,38.64,2111.12,8,0,0.2054,21.31,776.42,2.2,0.5085,0.3635,38.64,2111.12,8,0,0.2054,21.31,776.42,2.2
tezepelumab,G2,Lambda,7106.37,3,2087.39,0.3009,0.2941,80.18,2039.1,4.1,0,0.2893,2.42,1514.09,-2.6,0.3009,0.2941,80.18,2039.1,4.1,0,0.2893,2.42,1514.09,-2.6
tifcemalimab,G4,Kappa,7861.9,4.4,2950.74,0.4883,0.3073,0,2386.68,2,0,0.411,57.15,1544.28,0.2,0.4883,0.3073,0,2386.68,2,0,0.411,57.15,1544.28,0.2
tildrakizumab,G1,Kappa,6454.1,12.6,2852.72,0.5211,0.4202,0,2502.22,5.9,0,0.3746,5.49,724.83,0.4,0.5211,0.4202,0,2502.22,5.9,0,0.3746,5.49,724.83,0.4
tiragolumab,G1,Kappa,6413.82,8.2,2767.75,0.4175,0.4734,0,2774.08,4.9,0,0.2895,7.11,432.83,-0.8,0.4175,0.4734,0,2774.08,4.9,0,0.2895,7.11,432.83,-0.8
tislelizumab,G4,Kappa,6197.61,0.4,2436.59,0.5334,0.4137,0,1668.6,2.8,0,0.303,0,1430.2,-2.6,0.5334,0.4137,0,1668.6,2.8,0,0.303,0,1430.2,-2.6
tisotumab,G1,Kappa,7306.67,12.2,2730.35,0.5449,0.2859,0,3103.68,4.9,0,0.1601,0,549.65,1.2,0.5449,0.2859,0,3103.68,4.9,0,0.1601,0,549.65,1.2
tixagevimab,G1,Kappa,7576.02,16.4,3649.4,0.6,0.445,0,2874.54,6.9,0,0.3991,4.37,913.47,1.3,0.6,0.445,0,2874.54,6.9,0,0.3991,4.37,913.47,1.3
tizetatug,G1,Kappa,7946.06,14.4,3225.12,0.5587,0.3814,0,2440.18,6.9,0,0.3373,31.4,1532.85,0.3,0.5587,0.3814,0,2440.18,6.9,0,0.3373,31.4,1532.85,0.3
tocilizumab,G1,Kappa,7015.25,20.6,2764.78,0.4532,0.4203,0,2940.91,9,0,0.1771,0,566.71,1.3,0.4532,0.4203,0,2940.91,9,0,0.1771,0,566.71,1.3
toripalimab,G4,Kappa,6524.72,0.6,2776.92,0.4221,0.4044,38.64,2200.45,-0.1,0,0.4528,0,1061.91,0.4,0.4221,0.4044,38.64,2200.45,-0.1,0,0.4528,0,1061.91,0.4
tosatoxumab,G1,Lambda,7027.56,16.8,2877.47,0.4035,0.4701,0,2977.49,9.2,0,0.22,0,536.3,-0.8,0.4035,0.4701,0,2977.49,9.2,0,0.22,0,536.3,-0.8
tozorakimab,G1,Lambda,7193.96,14.2,2782.9,0.3421,0.3736,0,2746.36,7.9,0,0.4526,66.5,850.62,-0.8,0.3421,0.3736,0,2746.36,7.9,0,0.4526,66.5,850.62,-0.8
tralokinumab,G4,Lambda,6982.31,0,2096.89,0.3461,0.1776,0,2381.85,1.7,0,0.4348,0,1109.31,-1.7,0.3461,0.1776,0,2381.85,1.7,0,0.4348,0,1109.31,-1.7
trastuzumab,G1,Kappa,7170.32,14.6,2566.63,0.4741,0.3152,0,3036.44,6,0,0.2333,4.83,548.73,1.3,0.4741,0.3152,0,3036.44,6,0,0.2333,4.83,548.73,1.3
tremelimumab,G2,Kappa,8126.38,10.2,3263.42,0.5139,0.3914,258.73,2838.54,4.9,0,0.2636,109.85,1224.65,0.2,0.5139,0.3914,258.73,2838.54,4.9,0,0.2636,109.85,1224.65,0.2
tulisokibart,G1,Kappa,6968,12.6,3143.91,0.5233,0.4897,0,2315.01,7.1,0,0.346,142.53,1168.99,-0.8,0.5233,0.4897,0,2315.01,7.1,0,0.346,142.53,1168.99,-0.8
tusamitamab,G1,Kappa,7200.4,8.8,3011.81,0.4958,0.3901,56.37,3151.94,4,0,0.2813,0,448.26,0.4,0.4958,0.3901,56.37,3151.94,4,0,0.2813,0,448.26,0.4
tuvonralimab,G1,Kappa,6006.51,16.4,2681.56,0.585,0.4182,110,2302.27,7,0,0.3117,0,700.98,1.2,0.585,0.4182,110,2302.27,7,0,0.3117,0,700.98,1.2
ublituximab,G1,Kappa,6661.74,20.6,2818.06,0.564,0.3916,0,2225.25,8,0,0.3685,0,1105.62,2.3,0.564,0.3916,0,2225.25,8,0,0.3685,0,1105.62,2.3
umesolerbart,G4,Kappa,8056.28,2,2848.09,0.3561,0.3231,0,3112.76,-1.3,0,0.401,0,915.38,2.3,0.3561,0.3231,0,3112.76,-1.3,0,0.401,0,915.38,2.3
upinitatug,G1,Kappa,7355.39,16.4,3362.8,0.4799,0.5116,0,2468.99,8,0,0.3688,0,1208.71,0.2,0.4799,0.5116,0,2468.99,8,0,0.3688,0,1208.71,0.2
ustekinumab,G1,Kappa,6965.7,16.2,2392.3,0.3726,0.3904,0,2994.64,7.9,0,0.0989,0,488.22,0.2,0.3726,0.3904,0,2994.64,7.9,0,0.0989,0,488.22,0.2
vamikibart,G2,Kappa,6889.04,-6,2523.66,0.3888,0.3314,112.18,2258.09,1.8,0,0.3881,16.91,1186.43,-4.8,0.3888,0.3314,112.18,2258.09,1.8,0,0.3881,16.91,1186.43,-4.8
vecantoxatug,G1,Kappa,6802.72,16.4,3653.61,0.696,0.6137,78.04,2275.92,8,0,0.3143,0,1125.44,0.2,0.696,0.6137,78.04,2275.92,8,0,0.3143,0,1125.44,0.2
vedolizumab,G1,Kappa,7109.23,8.6,3323.82,0.5964,0.3583,0,2766.53,4,0,0.4994,0,788.09,0.3,0.5964,0.3583,0,2766.53,4,0,0.4994,0,788.09,0.3
veligrotug,G1,Kappa,6838.17,18.8,2630.4,0.3683,0.3694,113.91,2932,9,0,0.4795,0,487.09,0.4,0.3683,0.3694,113.91,2932,9,0,0.4795,0,487.09,0.4
vibostolimab,G1,Kappa,7242.26,13,3405,0.53,0.5123,0,2483.08,6,0,0.3646,0,1138.05,0.5,0.53,0.5123,0,2483.08,6,0,0.3646,0,1138.05,0.5
vilamakitug,G4,Kappa,8900.72,-6,3389.27,0.1816,0.5026,8.32,2964.44,-2.2,0,0.4258,128.55,1485.92,-0.8,0.1816,0.5026,8.32,2964.44,-2.2,0,0.4258,128.55,1485.92,-0.8
vilobelimab,G4,Kappa,6525.22,-6,2127.27,0.3747,0.2699,0,1965.01,1.7,0,0.3362,6.04,1297.59,-4.7,0.3747,0.2699,0,1965.01,1.7,0,0.3362,6.04,1297.59,-4.7
visilizumab,G2,Kappa,7735.27,12.4,3356.83,0.5179,0.4355,0,2948.6,5,0,0.2886,0,919.03,1.2,0.5179,0.4355,0,2948.6,5,0,0.2886,0,919.03,1.2
vunakizumab,G1,Kappa,7738.93,4.6,3085.03,0.5985,0.3856,0,2845.58,3,0,0.2757,0,1023.89,-0.7,0.5985,0.3856,0,2845.58,3,0,0.2757,0,1023.89,-0.7
xeligekimab,G4,Kappa,6733.43,-1.8,2856.78,0.4955,0.3727,16.34,2566.18,-2.2,0,0.4312,0,800.54,1.3,0.4955,0.3727,16.34,2566.18,-2.2,0,0.4312,0,800.54,1.3
zamerovimab,G1,Kappa,8684.88,16.2,3656.24,0.4769,0.4012,4.6,2247.91,5.9,0,0.4129,0,2094.53,2.2,0.4769,0.4012,4.6,2247.91,5.9,0,0.4129,0,2094.53,2.2
zanolimumab,G1,Kappa,6285.8,14.6,3388.53,0.5414,0.6381,0,2044.35,7,0,0.424,8.45,1098.55,0.3,0.5414,0.6381,0,2044.35,7,0,0.424,8.45,1098.55,0.3
zigakibart,G4,Kappa,7618.74,8,3291.87,0.447,0.4914,81.9,2756.85,2.8,0,0.3334,0,1052.52,1.2,0.447,0.4914,81.9,2756.85,2.8,0,0.3334,0,1052.52,1.2
ziltivekimab,G1,Kappa,6520.62,8.4,2974.07,0.5531,0.4491,19.32,2506.96,3,0,0.3346,9.73,753.36,1.2,0.5531,0.4491,19.32,2506.96,3,0,0.3346,9.73,753.36,1.2
zimberelimab,G4,Lambda,6150,0.2,1837.71,0.2564,0.3137,0,2107.98,2.8,0,0.3161,0,967.02,-2.7,0.2564,0.3137,0,2107.98,2.8,0,0.3161,0,967.02,-2.7
zolbetuximab,G1,Kappa,7429.51,14.2,3912.78,0.5953,0.4803,0,2407.83,7.9,0,0.5132,0,1306.93,-0.8,0.5953,0.4803,0,2407.83,7.9,0,0.5132,0,1306.93,-0.8
