antibody,folder,heavy_chains,light_chains,total_length_aa,calculated_pI,gravy,instability_index,aromaticity,AA_A_percent,AA_C_percent,AA_D_percent,AA_E_percent,AA_F_percent,AA_G_percent,AA_H_percent,AA_I_percent,AA_K_percent,AA_L_percent,AA_M_percent,AA_N_percent,AA_P_percent,AA_Q_percent,AA_R_percent,AA_S_percent,AA_T_percent,AA_V_percent,AA_W_percent,AA_Y_percent
abagovomab,Whole_mAb,2,2,452,8.97,-0.39,38.94,0.1239,796.46,176.991,265.487,398.23,309.735,1150.442,221.239,398.23,663.717,752.212,88.496,221.239,309.735,663.717,221.239,1194.69,796.46,442.478,265.487,663.717
abelacimab,Whole_mAb,2,2,464,8.03,-0.28,41.65,0.1164,646.552,172.414,431.034,258.621,301.724,1163.793,0.0,258.621,301.724,862.069,86.207,301.724,387.931,603.448,431.034,1637.931,646.552,646.552,215.517,646.552
actoxumab,Whole_mAb,2,2,458,8.51,-0.22,44.84,0.1179,655.022,174.672,480.349,262.009,393.013,1004.367,87.336,436.681,349.345,611.354,174.672,262.009,349.345,655.022,480.349,1353.712,655.022,829.694,349.345,436.681
adalimumab,Whole_mAb,2,2,456,8.48,-0.29,45.13,0.1096,833.333,175.439,482.456,307.018,263.158,877.193,87.719,394.737,350.877,789.474,131.579,263.158,350.877,614.035,526.316,1315.789,745.614,657.895,219.298,614.035
adebrelimab,Whole_mAb,2,2,460,7.19,-0.42,41.74,0.113,652.174,173.913,347.826,478.261,347.826,913.043,173.913,304.348,434.783,565.217,217.391,260.87,478.261,608.696,391.304,1217.391,956.522,695.652,217.391,565.217
aducanumab,Whole_mAb,2,2,462,9.45,-0.32,48.05,0.1169,649.351,173.16,432.9,216.45,346.32,1038.961,43.29,389.61,476.19,649.351,173.16,173.16,389.61,606.061,562.771,1341.991,822.511,692.641,216.45,606.061
afimkibart,Whole_mAb,2,2,462,8.91,-0.42,39.32,0.1212,779.221,173.16,346.32,389.61,216.45,995.671,43.29,303.03,303.03,606.061,216.45,216.45,389.61,649.351,606.061,1168.831,952.381,649.351,303.03,692.641
alemtuzumab,Whole_mAb,2,2,456,9.2,-0.39,40.64,0.1096,482.456,175.439,438.596,263.158,438.596,833.333,87.719,438.596,482.456,701.754,131.579,350.877,526.316,701.754,482.456,1096.491,1052.632,657.895,175.439,482.456
alirocumab,Whole_mAb,2,2,462,8.07,-0.36,35.43,0.1169,562.771,173.16,476.19,303.03,346.32,1038.961,43.29,346.32,346.32,822.511,129.87,519.481,346.32,562.771,476.19,1255.411,779.221,649.351,259.74,562.771
amlenetug,Whole_mAb,2,2,448,8.09,-0.32,42.07,0.1116,758.929,178.571,401.786,401.786,357.143,1026.786,0.0,312.5,267.857,848.214,89.286,178.571,401.786,669.643,580.357,1428.571,803.571,535.714,267.857,491.071
amlitelimab,Whole_mAb,2,2,468,8.77,-0.24,46.18,0.1068,598.291,170.94,427.35,256.41,384.615,982.906,42.735,384.615,299.145,641.026,213.675,299.145,384.615,598.291,512.821,1495.726,854.701,769.231,170.94,512.821
andecaliximab,Whole_mAb,2,2,444,8.67,-0.31,33.96,0.1171,405.405,180.18,450.45,270.27,225.225,945.946,90.09,405.405,540.541,765.766,180.18,270.27,405.405,585.586,315.315,1216.216,1036.036,765.766,225.225,720.721
anifrolumab,Whole_mAb,2,2,450,6.97,-0.26,37.82,0.1156,666.667,177.778,444.444,444.444,355.556,977.778,44.444,666.667,400.0,711.111,133.333,44.444,444.444,622.222,488.889,1377.778,755.556,444.444,222.222,577.778
anselamimab,Whole_mAb,2,2,446,8.74,-0.19,33.75,0.1031,179.372,179.372,448.43,224.215,358.744,986.547,134.529,358.744,493.274,1076.233,89.686,313.901,493.274,582.96,313.901,1479.821,807.175,807.175,224.215,448.43
ansuvimab,Whole_mAb,2,2,452,8.54,-0.12,43.87,0.0885,884.956,176.991,486.726,265.487,309.735,1017.699,132.743,442.478,309.735,796.46,176.991,265.487,353.982,530.973,530.973,1327.434,663.717,752.212,176.991,398.23
arcitumomab,Whole_mAb,2,2,454,9.25,-0.38,50.74,0.1278,660.793,176.211,264.317,396.476,352.423,1013.216,88.106,352.423,484.581,704.846,132.159,220.264,440.529,440.529,484.581,1409.692,969.163,484.581,264.317,660.793
astegolimab,Whole_mAb,2,2,456,5.15,-0.38,34.11,0.1184,482.456,175.439,570.175,307.018,350.877,1008.772,43.86,570.175,526.316,570.175,175.439,263.158,438.596,701.754,219.298,1359.649,877.193,526.316,263.158,570.175
atezolizumab,Whole_mAb,2,2,450,8.07,-0.23,40.95,0.1333,800.0,177.778,444.444,266.667,400.0,1022.222,133.333,355.556,355.556,666.667,88.889,88.889,444.444,622.222,400.0,1333.333,800.0,666.667,311.111,622.222
atigotatug,Whole_mAb,2,2,458,8.04,-0.37,48.48,0.1266,567.686,174.672,480.349,349.345,349.345,960.699,0.0,393.013,393.013,567.686,174.672,218.341,393.013,611.354,480.349,1484.716,786.026,698.69,218.341,698.69
atisnolerbart,Whole_mAb,2,2,456,8.48,-0.29,37.07,0.136,701.754,175.439,307.018,394.737,438.596,1008.772,43.86,394.737,350.877,614.035,131.579,175.439,394.737,701.754,438.596,1403.509,789.474,614.035,350.877,570.175
avelumab,Whole_mAb,2,2,460,8.73,-0.18,37.19,0.1043,565.217,173.913,347.826,260.87,260.87,1130.435,43.478,391.304,347.826,695.652,173.913,304.348,347.826,478.261,391.304,1565.217,956.522,782.609,173.913,608.696
balstilimab,Whole_mAb,2,2,440,9.12,-0.33,44.78,0.1136,772.727,181.818,272.727,363.636,318.182,1000.0,90.909,318.182,318.182,681.818,136.364,363.636,363.636,681.818,545.455,1318.182,727.273,727.273,272.727,545.455
bamlanivimab,Whole_mAb,2,2,464,9.21,-0.3,49.62,0.1207,818.966,172.414,301.724,301.724,258.621,862.069,43.103,517.241,474.138,517.241,172.414,86.207,387.931,775.862,431.034,1465.517,818.966,646.552,172.414,775.862
barzolvolimab,Whole_mAb,2,2,446,9.26,-0.43,24.5,0.139,762.332,179.372,448.43,269.058,403.587,896.861,0.0,358.744,627.803,448.43,89.686,269.058,403.587,582.96,448.43,1165.919,941.704,717.489,179.372,807.175
basiliximab,Whole_mAb,2,2,442,9.1,-0.48,55.16,0.1312,769.231,180.995,271.493,361.991,271.493,904.977,135.747,361.991,542.986,452.489,316.742,90.498,361.991,633.484,361.991,1628.959,904.977,407.24,271.493,769.231
bavituximab,Whole_mAb,2,2,454,6.37,-0.44,44.66,0.1189,440.529,176.211,528.634,396.476,264.317,969.163,132.159,308.37,616.74,837.004,132.159,176.211,352.423,528.634,264.317,1674.009,704.846,572.687,220.264,704.846
bebtelovimab,Whole_mAb,2,2,456,7.18,-0.21,36.2,0.0921,526.316,175.439,526.316,219.298,263.158,833.333,175.439,526.316,526.316,833.333,87.719,219.298,482.456,482.456,219.298,1535.088,1096.491,614.035,219.298,438.596
becotatug,Whole_mAb,2,2,452,5.04,-0.35,32.02,0.115,530.973,176.991,442.478,486.726,353.982,752.212,88.496,486.726,486.726,796.46,0.0,353.982,442.478,663.717,221.239,1283.186,1017.699,619.469,265.487,530.973
bedinvetmab,Whole_mAb,2,2,470,5.93,-0.14,38.25,0.0979,553.191,170.213,468.085,297.872,340.426,1361.702,212.766,297.872,297.872,851.064,127.66,340.426,340.426,510.638,340.426,1191.489,765.957,893.617,212.766,425.532
belantamab,Whole_mAb,2,2,456,8.84,-0.48,33.37,0.1228,570.175,175.439,482.456,263.158,263.158,921.053,131.579,350.877,570.175,657.895,175.439,263.158,350.877,701.754,350.877,1315.789,877.193,614.035,263.158,701.754
belimumab,Whole_mAb,2,2,462,7.13,-0.36,41.29,0.0866,822.511,173.16,389.61,389.61,259.74,1082.251,129.87,303.03,259.74,649.351,173.16,389.61,432.9,649.351,519.481,1341.991,692.641,735.931,216.45,389.61
belrestotug,Whole_mAb,2,2,458,8.73,-0.32,42.73,0.1179,655.022,174.672,305.677,436.681,305.677,1004.367,87.336,305.677,349.345,611.354,174.672,0.0,480.349,655.022,524.017,1397.38,917.031,742.358,262.009,611.354
bemarituzumab,Whole_mAb,2,2,442,8.68,-0.42,26.72,0.1176,678.733,180.995,452.489,271.493,316.742,904.977,90.498,452.489,542.986,452.489,90.498,226.244,407.24,723.982,316.742,1357.466,995.475,678.733,180.995,678.733
benmelstobart,Whole_mAb,2,2,446,8.45,-0.25,31.34,0.1211,582.96,179.372,538.117,179.372,358.744,762.332,44.843,448.43,493.274,717.489,224.215,313.901,493.274,627.803,313.901,941.704,1255.605,672.646,224.215,627.803
benralizumab,Whole_mAb,2,2,456,8.84,-0.39,34.95,0.1184,350.877,175.439,394.737,394.737,263.158,1052.632,87.719,482.456,526.316,701.754,131.579,219.298,394.737,614.035,438.596,1184.211,964.912,701.754,175.439,745.614
bentracimab,Whole_mAb,2,2,478,6.14,-0.23,37.81,0.1046,878.661,167.364,502.092,251.046,292.887,1129.707,83.682,418.41,376.569,627.615,83.682,251.046,502.092,585.774,334.728,1338.912,711.297,711.297,251.046,502.092
betinukibart,Whole_mAb,2,2,458,5.78,-0.29,32.54,0.1397,436.681,174.672,349.345,393.013,436.681,1048.035,174.672,305.677,480.349,611.354,131.004,305.677,524.017,611.354,131.004,1222.707,873.362,829.694,305.677,655.022
bevacizumab,Whole_mAb,2,2,460,7.16,-0.33,36.87,0.1478,565.217,173.913,391.304,304.348,434.783,956.522,130.435,304.348,391.304,652.174,130.435,260.87,434.783,608.696,304.348,1304.348,956.522,652.174,304.348,739.13
bezlotoxumab,Whole_mAb,2,2,454,9.06,-0.36,39.79,0.1278,616.74,176.211,308.37,396.476,352.423,1057.269,0.0,440.529,440.529,616.74,176.211,132.159,396.476,660.793,484.581,1541.85,748.899,528.634,352.423,572.687
bimekizumab,Whole_mAb,2,2,464,8.07,-0.35,35.66,0.125,646.552,172.414,431.034,431.034,344.828,905.172,86.207,387.931,344.828,775.862,129.31,258.621,431.034,603.448,560.345,1163.793,775.862,646.552,301.724,603.448
bintrafusp,Whole_mAb,2,2,460,8.73,-0.18,37.19,0.1043,565.217,173.913,347.826,260.87,260.87,1130.435,43.478,391.304,347.826,695.652,173.913,304.348,347.826,478.261,391.304,1565.217,956.522,782.609,173.913,608.696
birtamimab,Whole_mAb,2,2,462,8.7,-0.29,49.9,0.1212,519.481,173.16,432.9,346.32,389.61,909.091,129.87,346.32,432.9,735.931,129.87,303.03,476.19,476.19,476.19,1385.281,692.641,822.511,173.16,649.351
bococizumab,Whole_mAb,2,2,450,9.35,-0.44,42.98,0.12,622.222,177.778,311.111,400.0,311.111,844.444,44.444,355.556,488.889,577.778,222.222,88.889,400.0,666.667,577.778,1422.222,977.778,622.222,222.222,666.667
brazikumab,Whole_mAb,2,2,470,6.14,-0.32,42.96,0.1191,680.851,170.213,510.638,255.319,255.319,1234.043,85.106,255.319,212.766,638.298,127.66,255.319,425.532,553.191,510.638,1404.255,680.851,808.511,297.872,638.298
bremzalerbart,Whole_mAb,2,2,446,8.74,-0.26,28.58,0.1256,538.117,179.372,313.901,313.901,403.587,941.704,0.0,538.117,358.744,717.489,44.843,448.43,538.117,538.117,403.587,1345.291,941.704,582.96,269.058,582.96
brentuximab,Whole_mAb,2,2,456,5.02,-0.39,35.8,0.1316,745.614,175.439,438.596,438.596,394.737,964.912,43.86,482.456,614.035,526.316,87.719,350.877,482.456,745.614,87.719,1096.491,833.333,570.175,307.018,614.035
brodalumab,Whole_mAb,2,2,446,9.09,-0.36,46.32,0.1166,762.332,179.372,358.744,313.901,313.901,896.861,0.0,269.058,358.744,627.803,179.372,179.372,403.587,762.332,538.117,1255.605,1031.39,717.489,269.058,582.96
burosumab,Whole_mAb,2,2,446,8.05,-0.23,37.54,0.1076,672.646,179.372,493.274,269.058,448.43,852.018,89.686,448.43,448.43,538.117,224.215,179.372,403.587,717.489,358.744,1390.135,896.861,762.332,179.372,448.43
camrelizumab,Whole_mAb,2,2,446,8.06,-0.17,38.82,0.1256,672.646,179.372,403.587,269.058,358.744,1076.233,0.0,403.587,358.744,762.332,179.372,179.372,403.587,627.803,358.744,1255.605,986.547,627.803,269.058,627.803
canakinumab,Whole_mAb,2,2,450,8.04,-0.32,45.78,0.12,622.222,177.778,533.333,311.111,444.444,933.333,88.889,400.0,444.444,711.111,88.889,266.667,444.444,666.667,444.444,1244.444,711.111,711.111,222.222,533.333
cemiplimab,Whole_mAb,2,2,448,8.1,-0.16,33.2,0.125,491.071,178.571,446.429,223.214,580.357,1160.714,44.643,401.786,312.5,803.571,133.929,401.786,401.786,535.714,401.786,1294.643,892.857,625.0,223.214,446.429
cendakimab,Whole_mAb,2,2,460,8.86,-0.31,32.64,0.1043,391.304,173.913,565.217,217.391,173.913,826.087,86.957,478.261,565.217,956.522,130.435,217.391,521.739,521.739,391.304,1173.913,1086.957,652.174,260.87,608.696
cetrelimab,Whole_mAb,2,2,460,8.03,-0.23,43.2,0.1087,956.522,173.913,347.826,434.783,304.348,913.043,0.0,434.783,347.826,739.13,86.957,130.435,478.261,695.652,478.261,1260.87,826.087,608.696,217.391,565.217
cetuximab,Whole_mAb,2,2,452,8.05,-0.32,45.78,0.1195,398.23,176.991,353.982,309.735,398.23,884.956,88.496,575.221,353.982,796.46,44.248,575.221,398.23,663.717,353.982,1460.177,796.46,575.221,265.487,530.973
cilgavimab,Whole_mAb,2,2,486,8.01,-0.34,40.82,0.1193,576.132,164.609,493.827,411.523,288.066,1111.111,0.0,329.218,576.132,781.893,164.609,246.914,411.523,493.827,370.37,1152.263,823.045,699.588,246.914,658.436
clazakizumab,Whole_mAb,2,2,460,5.49,-0.26,35.67,0.1043,782.609,173.913,521.739,304.348,304.348,1000.0,0.0,478.261,347.826,826.087,86.957,391.304,304.348,608.696,434.783,1391.304,739.13,565.217,217.391,521.739
cobolimab,Whole_mAb,2,2,440,8.75,-0.3,48.81,0.1091,590.909,181.818,454.545,227.273,318.182,1090.909,90.909,363.636,363.636,772.727,181.818,181.818,363.636,636.364,454.545,1500.0,863.636,590.909,181.818,590.909
comekibart,Whole_mAb,2,2,458,8.9,-0.23,40.13,0.1135,655.022,174.672,436.681,262.009,305.677,917.031,87.336,524.017,393.013,786.026,174.672,262.009,349.345,611.354,480.349,1310.044,829.694,611.354,174.672,655.022
concizumab,Whole_mAb,2,2,466,5.24,-0.24,46.53,0.103,515.021,171.674,515.021,429.185,343.348,1030.043,42.918,343.348,386.266,901.288,171.674,214.592,429.185,557.94,429.185,1373.391,729.614,729.614,171.674,515.021
cosibelimab,Whole_mAb,2,2,464,5.74,-0.37,47.62,0.0948,646.552,172.414,431.034,474.138,344.828,991.379,86.207,474.138,344.828,431.034,172.414,301.724,387.931,603.448,474.138,1508.621,775.862,775.862,172.414,431.034
crizanlizumab,Whole_mAb,2,2,466,5.53,-0.49,37.48,0.1159,557.94,171.674,557.94,472.103,257.511,1030.043,42.918,343.348,643.777,515.021,257.511,257.511,386.266,557.94,300.429,1244.635,772.532,729.614,214.592,686.695
crovalimab,Whole_mAb,2,2,466,8.03,-0.28,34.13,0.103,772.532,171.674,386.266,343.348,257.511,1158.798,128.755,343.348,472.103,557.94,214.592,171.674,386.266,557.94,300.429,1330.472,944.206,729.614,214.592,557.94
daclizumab,Whole_mAb,2,2,444,8.68,-0.39,39.33,0.1171,630.631,180.18,360.36,360.36,315.315,900.901,135.135,360.36,540.541,540.541,180.18,180.18,405.405,630.631,315.315,1351.351,1081.081,675.676,180.18,675.676
dafsolimab,Whole_mAb,2,2,452,8.97,-0.45,50.79,0.1239,796.46,176.991,309.735,309.735,176.991,840.708,88.496,309.735,530.973,486.726,353.982,132.743,353.982,663.717,309.735,1725.664,884.956,486.726,265.487,796.46
daratumumab,Whole_mAb,2,2,458,8.08,-0.2,44.46,0.1179,742.358,174.672,349.345,436.681,480.349,1048.035,0.0,349.345,349.345,873.362,87.336,262.009,480.349,567.686,480.349,1310.044,698.69,611.354,262.009,436.681
datopotamab,Whole_mAb,2,2,456,8.86,-0.25,32.31,0.1228,745.614,175.439,394.737,263.158,350.877,921.053,87.719,350.877,570.175,570.175,131.579,43.86,394.737,745.614,263.158,1359.649,964.912,789.474,263.158,614.035
dazukibart,Whole_mAb,2,2,452,8.44,-0.37,43.26,0.1283,442.478,176.991,442.478,353.982,353.982,929.204,132.743,486.726,486.726,663.717,176.991,176.991,353.982,663.717,398.23,1327.434,884.956,619.469,265.487,663.717
delpacibart,Whole_mAb,2,2,446,8.91,-0.38,40.79,0.1121,672.646,179.372,358.744,358.744,269.058,941.704,134.529,403.587,448.43,627.803,179.372,358.744,403.587,582.96,448.43,1121.076,986.547,672.646,269.058,582.96
denosumab,Whole_mAb,2,2,460,8.98,-0.26,41.51,0.1087,652.174,173.913,347.826,391.304,391.304,1217.391,0.0,347.826,304.348,826.087,130.435,130.435,478.261,565.217,608.696,1347.826,826.087,565.217,217.391,478.261
depemokimab,Whole_mAb,2,2,464,8.51,-0.23,30.59,0.0862,474.138,172.414,474.138,258.621,258.621,948.276,86.207,301.724,387.931,1034.483,172.414,344.828,560.345,517.241,431.034,1250.0,991.379,732.759,215.517,387.931
derlotuximab,Whole_mAb,2,2,456,9.09,-0.34,49.33,0.1184,614.035,175.439,263.158,350.877,175.439,1008.772,43.86,350.877,570.175,745.614,219.298,219.298,394.737,526.316,307.018,1710.526,745.614,570.175,263.158,745.614
dinutuximab,Whole_mAb,2,2,452,8.9,-0.33,43.6,0.0973,442.478,176.991,265.487,486.726,309.735,973.451,221.239,309.735,575.221,840.708,221.239,309.735,442.478,442.478,353.982,1504.425,752.212,707.965,176.991,486.726
disitamab,Whole_mAb,2,2,440,8.04,-0.38,32.16,0.1227,727.273,181.818,590.909,318.182,409.091,863.636,227.273,409.091,681.818,454.545,136.364,136.364,363.636,590.909,272.727,1045.455,1000.0,772.727,227.273,590.909
divozilimab,Whole_mAb,2,2,454,9.16,-0.33,38.5,0.1233,616.74,176.211,264.317,396.476,352.423,969.163,88.106,308.37,484.581,484.581,176.211,264.317,572.687,484.581,440.529,1321.586,837.004,881.057,264.317,616.74
docaravimab,Whole_mAb,2,2,452,6.14,-0.41,28.37,0.1062,309.735,176.991,530.973,265.487,309.735,1017.699,88.496,442.478,442.478,973.451,88.496,398.23,398.23,663.717,309.735,1371.681,1017.699,442.478,221.239,530.973
domvanalimab,Whole_mAb,2,2,452,8.9,-0.27,42.03,0.1239,663.717,176.991,398.23,309.735,398.23,1017.699,88.496,398.23,442.478,707.965,265.487,221.239,353.982,575.221,442.478,1415.929,707.965,575.221,221.239,619.469
donanemab,Whole_mAb,2,2,454,8.85,-0.33,35.02,0.1101,440.529,176.211,352.423,440.529,264.317,1013.216,44.053,396.476,616.74,704.846,132.159,220.264,440.529,616.74,352.423,1233.48,881.057,837.004,220.264,616.74
dostarlimab,Whole_mAb,2,2,446,7.08,-0.29,42.32,0.139,627.803,179.372,403.587,313.901,358.744,1031.39,89.686,313.901,403.587,762.332,134.529,134.529,403.587,627.803,313.901,1345.291,941.704,582.96,269.058,762.332
drotokibart,Whole_mAb,2,2,452,8.75,-0.15,48.13,0.1239,707.965,176.991,309.735,398.23,398.23,1061.947,44.248,442.478,309.735,884.956,176.991,221.239,486.726,486.726,530.973,1238.938,707.965,575.221,221.239,619.469
dupilumab,Whole_mAb,2,2,474,8.04,-0.29,43.72,0.1139,464.135,168.776,464.135,379.747,295.359,1139.241,0.0,421.941,337.553,928.27,168.776,253.165,421.941,548.523,548.523,1308.017,717.3,590.717,168.776,675.105
durvalumab,Whole_mAb,2,2,458,8.06,-0.33,41.91,0.1266,698.69,174.672,393.013,524.017,393.013,1091.703,0.0,305.677,349.345,873.362,87.336,174.672,393.013,611.354,611.354,1222.707,611.354,611.354,305.677,567.686
ebdarokimab,Whole_mAb,2,2,452,8.49,-0.31,52.92,0.1283,663.717,176.991,309.735,398.23,353.982,929.204,0.0,530.973,309.735,530.973,265.487,132.743,530.973,796.46,486.726,1371.681,707.965,575.221,309.735,619.469
ebronucimab,Whole_mAb,2,2,468,5.0,-0.3,49.63,0.1068,555.556,170.94,512.821,384.615,384.615,1196.581,85.47,341.88,213.675,683.761,128.205,299.145,299.145,555.556,470.085,1709.402,598.291,726.496,213.675,470.085
eculizumab,Whole_mAb,2,2,458,5.23,-0.28,32.22,0.1223,567.686,174.672,393.013,436.681,393.013,960.699,0.0,393.013,436.681,655.022,174.672,349.345,436.681,611.354,305.677,1222.707,917.031,742.358,262.009,567.686
edrecolomab,Whole_mAb,2,2,446,8.43,-0.33,31.93,0.1166,672.646,179.372,358.744,403.587,313.901,1031.39,44.843,313.901,582.96,627.803,179.372,313.901,403.587,627.803,269.058,1165.919,896.861,762.332,224.215,627.803
efalizumab,Whole_mAb,2,2,456,8.86,-0.39,34.22,0.1272,482.456,175.439,394.737,350.877,394.737,1008.772,131.579,394.737,526.316,745.614,175.439,219.298,394.737,657.895,394.737,1228.07,877.193,570.175,219.298,657.895
elotuzumab,Whole_mAb,2,2,452,5.87,-0.32,36.93,0.1239,619.469,176.991,575.221,309.735,309.735,929.204,44.248,486.726,442.478,663.717,132.743,265.487,486.726,619.469,398.23,1238.938,663.717,707.965,309.735,619.469
emactuzumab,Whole_mAb,2,2,444,8.45,-0.4,37.91,0.1171,630.631,180.18,540.541,270.27,315.315,855.856,0.0,315.315,450.45,540.541,180.18,135.135,360.36,765.766,450.45,1261.261,1126.126,765.766,225.225,630.631
emapalumab,Whole_mAb,2,2,468,5.69,-0.41,51.61,0.1154,512.821,170.94,470.085,341.88,299.145,1111.111,85.47,299.145,299.145,641.026,170.94,341.88,427.35,470.085,427.35,1709.402,726.496,641.026,299.145,555.556
empasiprubart,Whole_mAb,2,2,458,5.96,-0.51,30.08,0.1092,742.358,174.672,567.686,480.349,262.009,829.694,131.004,305.677,567.686,698.69,174.672,305.677,349.345,567.686,393.013,1179.039,829.694,611.354,174.672,655.022
enfortumab,Whole_mAb,2,2,448,8.49,-0.24,47.19,0.1205,714.286,178.571,401.786,267.857,401.786,1026.786,0.0,401.786,357.143,580.357,178.571,267.857,401.786,625.0,401.786,1562.5,758.929,669.643,223.214,580.357
enlonstobart,Whole_mAb,2,2,440,9.24,-0.33,40.9,0.1136,727.273,181.818,318.182,363.636,318.182,909.091,45.455,318.182,363.636,818.182,90.909,318.182,409.091,636.364,590.909,1272.727,818.182,681.818,272.727,545.455
epratuzumab,Whole_mAb,2,2,456,8.67,-0.49,45.41,0.136,614.035,175.439,394.737,394.737,394.737,745.614,131.579,394.737,570.175,614.035,87.719,307.018,350.877,614.035,350.877,1403.509,964.912,526.316,307.018,657.895
eptinezumab,Whole_mAb,2,2,446,6.92,-0.1,38.65,0.1076,627.803,269.058,448.43,269.058,269.058,1210.762,44.843,403.587,358.744,762.332,89.686,313.901,313.901,582.96,358.744,1210.762,762.332,896.861,224.215,582.96
erenumab,Whole_mAb,2,2,480,9.16,-0.26,44.45,0.1167,541.667,166.667,458.333,166.667,333.333,1166.667,83.333,333.333,416.667,708.333,125.0,375.0,375.0,500.0,458.333,1375.0,750.0,833.333,208.333,625.0
ersodetug,Whole_mAb,2,2,460,8.07,-0.38,42.58,0.1217,478.261,173.913,565.217,347.826,347.826,1043.478,130.435,217.391,347.826,739.13,217.391,260.87,347.826,521.739,608.696,1217.391,695.652,869.565,260.87,608.696
etesevimab,Whole_mAb,2,2,456,8.06,-0.18,50.3,0.1184,570.175,175.439,394.737,307.018,350.877,964.912,0.0,350.877,307.018,833.333,219.298,219.298,438.596,614.035,438.596,1535.088,745.614,701.754,175.439,657.895
etrolizumab,Whole_mAb,2,2,448,8.49,-0.32,36.44,0.1205,491.071,178.571,401.786,312.5,446.429,1071.429,44.643,401.786,401.786,758.929,89.286,312.5,401.786,625.0,401.786,1517.857,803.571,580.357,223.214,535.714
evinacumab,Whole_mAb,2,2,466,6.68,-0.25,40.06,0.1202,643.777,171.674,557.94,300.429,472.103,1030.043,0.0,515.021,429.185,686.695,171.674,257.511,343.348,600.858,429.185,1373.391,729.614,557.94,214.592,515.021
evolocumab,Whole_mAb,2,2,448,8.05,-0.37,32.9,0.0982,625.0,178.571,312.5,357.143,133.929,1205.357,44.643,223.214,401.786,535.714,267.857,357.143,357.143,535.714,312.5,1517.857,982.143,803.571,223.214,625.0
farletuzumab,Whole_mAb,2,2,458,8.06,-0.32,43.77,0.131,567.686,174.672,436.681,262.009,393.013,1091.703,87.336,393.013,349.345,567.686,131.004,218.341,524.017,567.686,393.013,1572.052,698.69,655.022,305.677,611.354
fasinumab,Whole_mAb,2,2,452,5.93,-0.37,42.37,0.1062,619.469,176.991,442.478,486.726,398.23,929.204,44.248,398.23,486.726,619.469,176.991,221.239,398.23,752.212,398.23,1106.195,973.451,707.965,221.239,442.478
feladilimab,Whole_mAb,2,2,454,7.11,-0.36,40.66,0.1322,616.74,176.211,352.423,396.476,308.37,969.163,132.159,352.423,440.529,660.793,176.211,220.264,396.476,616.74,308.37,1365.639,881.057,616.74,220.264,792.952
fianlimab,Whole_mAb,2,2,460,8.92,-0.29,43.87,0.1217,695.652,173.913,391.304,347.826,347.826,1043.478,43.478,391.304,347.826,695.652,130.435,217.391,391.304,608.696,565.217,1217.391,826.087,695.652,260.87,608.696
ficlatuzumab,Whole_mAb,2,2,450,6.36,-0.44,31.78,0.1156,577.778,177.778,400.0,444.444,266.667,888.889,133.333,311.111,488.889,666.667,177.778,400.0,400.0,666.667,311.111,1155.556,888.889,755.556,222.222,666.667
finotonlimab,Whole_mAb,2,2,458,8.51,-0.33,45.59,0.1223,611.354,174.672,305.677,480.349,480.349,1091.703,43.668,262.009,349.345,742.358,174.672,305.677,436.681,567.686,524.017,1353.712,698.69,655.022,262.009,480.349
fremanezumab,Whole_mAb,2,2,458,8.04,-0.22,41.45,0.131,873.362,174.672,262.009,524.017,349.345,917.031,43.668,393.013,349.345,917.031,43.668,305.677,393.013,524.017,480.349,1222.707,698.69,567.686,218.341,742.358
freneslerbart,Whole_mAb,2,2,452,9.17,-0.23,45.65,0.115,663.717,176.991,353.982,265.487,265.487,929.204,0.0,398.23,353.982,796.46,88.496,353.982,398.23,619.469,530.973,1371.681,752.212,796.46,176.991,707.965
frexalimab,Whole_mAb,2,2,454,8.41,-0.4,29.91,0.141,396.476,176.211,528.634,264.317,396.476,925.11,44.053,484.581,528.634,704.846,88.106,264.317,528.634,440.529,352.423,1453.744,925.11,484.581,176.211,837.004
fulranumab,Whole_mAb,2,2,460,8.06,-0.21,49.27,0.1217,652.174,173.913,478.261,304.348,391.304,956.522,86.957,434.783,347.826,826.087,130.435,173.913,347.826,565.217,478.261,1608.696,608.696,608.696,217.391,608.696
futuximab,Whole_mAb,2,2,460,5.93,-0.51,41.94,0.1174,347.826,173.913,521.739,347.826,260.87,913.043,130.435,347.826,434.783,652.174,173.913,347.826,347.826,608.696,347.826,1434.783,1043.478,652.174,217.391,695.652
galcanezumab,Whole_mAb,2,2,452,8.83,-0.35,30.96,0.1239,619.469,176.991,442.478,309.735,309.735,1061.947,44.248,398.23,619.469,530.973,176.991,88.496,398.23,663.717,309.735,1283.186,929.204,707.965,221.239,707.965
ganitumab,Whole_mAb,2,2,462,8.49,-0.29,34.46,0.0996,389.61,173.16,389.61,303.03,216.45,1038.961,129.87,389.61,432.9,822.511,129.87,303.03,562.771,562.771,346.32,1515.152,735.931,779.221,346.32,432.9
gantenerumab,Whole_mAb,2,2,468,9.19,-0.22,43.01,0.1154,811.966,170.94,299.145,341.88,341.88,1025.641,42.735,341.88,341.88,811.966,128.205,256.41,427.35,512.821,555.556,1324.786,811.966,641.026,170.94,641.026
garadacimab,Whole_mAb,2,2,476,9.17,-0.24,42.84,0.1092,714.286,168.067,378.151,252.101,210.084,1134.454,42.017,378.151,336.134,882.353,84.034,294.118,504.202,504.202,546.218,1344.538,672.269,672.269,210.084,672.269
garetosmab,Whole_mAb,2,2,468,9.14,-0.13,36.26,0.1111,512.821,170.94,213.675,341.88,427.35,1111.111,42.735,512.821,341.88,769.231,85.47,85.47,555.556,598.291,427.35,1623.932,897.436,598.291,256.41,427.35
gemtuzumab,Whole_mAb,2,2,454,8.04,-0.42,34.25,0.1189,572.687,176.211,396.476,396.476,352.423,881.057,44.053,352.423,528.634,660.793,88.106,440.529,484.581,660.793,308.37,1189.427,925.11,704.846,264.317,572.687
gevokizumab,Whole_mAb,2,2,454,8.92,-0.28,29.39,0.1101,396.476,176.211,484.581,220.264,352.423,881.057,88.106,440.529,572.687,925.11,132.159,176.211,396.476,704.846,308.37,1497.797,925.11,572.687,352.423,396.476
golimumab,Whole_mAb,2,2,468,8.91,-0.31,45.47,0.1282,854.701,170.94,427.35,299.145,384.615,982.906,42.735,341.88,299.145,683.761,170.94,341.88,470.085,555.556,598.291,1196.581,641.026,641.026,213.675,683.761
gotistobart,Whole_mAb,2,2,464,7.11,-0.31,34.09,0.1293,517.241,172.414,387.931,301.724,301.724,948.276,129.31,387.931,474.138,948.276,43.103,301.724,431.034,646.552,215.517,1293.103,991.379,517.241,258.621,732.759
gumokimab,Whole_mAb,2,2,462,8.44,-0.28,32.24,0.1255,346.32,173.16,476.19,216.45,303.03,822.511,129.87,346.32,432.9,822.511,86.58,216.45,476.19,519.481,346.32,1601.732,952.381,779.221,259.74,692.641
guselkumab,Whole_mAb,2,2,456,8.69,-0.26,42.25,0.1184,526.316,175.439,394.737,263.158,219.298,1140.351,43.86,438.596,526.316,701.754,131.579,175.439,526.316,570.175,263.158,1578.947,657.895,701.754,350.877,614.035
ianalumab,Whole_mAb,2,2,464,9.09,-0.26,45.92,0.1164,560.345,172.414,344.828,258.621,301.724,818.966,0.0,474.138,344.828,818.966,43.103,215.517,560.345,732.759,474.138,1637.931,732.759,646.552,301.724,560.345
ibalizumab,Whole_mAb,2,2,468,6.9,-0.48,34.72,0.1325,598.291,170.94,512.821,384.615,256.41,854.701,42.735,299.145,598.291,641.026,170.94,256.41,341.88,683.761,299.145,1239.316,897.436,683.761,256.41,811.966
ibritumomab,Whole_mAb,2,2,456,9.1,-0.33,44.57,0.136,877.193,175.439,219.298,307.018,307.018,789.474,87.719,263.158,526.316,526.316,219.298,263.158,526.316,570.175,263.158,1535.088,833.333,657.895,307.018,745.614
ifinatamab,Whole_mAb,2,2,456,8.0,-0.4,47.51,0.136,657.895,175.439,307.018,482.456,307.018,833.333,87.719,350.877,438.596,657.895,175.439,307.018,570.175,570.175,394.737,1184.211,789.474,657.895,263.158,789.474
imsidolimab,Whole_mAb,2,2,464,9.19,-0.23,29.53,0.1078,517.241,172.414,344.828,344.828,344.828,862.069,129.31,344.828,474.138,775.862,344.828,258.621,474.138,560.345,474.138,1077.586,948.276,818.966,215.517,517.241
inebilizumab,Whole_mAb,2,2,464,5.29,-0.37,38.09,0.1164,431.034,172.414,517.241,517.241,603.448,1034.483,43.103,387.931,517.241,603.448,129.31,344.828,387.931,560.345,387.931,1206.897,862.069,732.759,215.517,344.828
infliximab,Whole_mAb,2,2,454,5.83,-0.4,53.7,0.1189,396.476,176.211,396.476,572.687,396.476,925.11,176.211,484.581,352.423,616.74,176.211,308.37,308.37,440.529,484.581,1674.009,704.846,616.74,264.317,528.634
inotuzumab,Whole_mAb,2,2,466,9.03,-0.38,33.3,0.133,557.94,171.674,300.429,343.348,386.266,1072.961,128.755,343.348,386.266,600.858,85.837,343.348,386.266,600.858,472.103,1201.717,944.206,729.614,257.511,686.695
ipilimumab,Whole_mAb,2,2,452,8.93,-0.31,42.91,0.1327,619.469,176.991,353.982,353.982,442.478,1106.195,44.248,353.982,309.735,796.46,88.496,221.239,442.478,619.469,575.221,1238.938,796.46,575.221,265.487,619.469
isatuximab,Whole_mAb,2,2,454,7.1,-0.37,37.37,0.1278,660.793,176.211,572.687,220.264,264.317,1013.216,132.159,352.423,528.634,528.634,176.211,44.053,396.476,748.899,264.317,1277.533,881.057,748.899,220.264,792.952
itepekimab,Whole_mAb,2,2,458,8.77,-0.28,45.09,0.1092,698.69,174.672,393.013,305.677,349.345,1091.703,43.668,436.681,349.345,655.022,174.672,262.009,349.345,567.686,480.349,1528.384,829.694,567.686,262.009,480.349
itolizumab,Whole_mAb,2,2,452,8.67,-0.37,52.73,0.115,575.221,176.991,619.469,309.735,265.487,929.204,44.248,398.23,530.973,840.708,176.991,88.496,353.982,442.478,530.973,1548.673,752.212,530.973,176.991,707.965
ixekizumab,Whole_mAb,2,2,462,8.88,-0.33,38.07,0.1169,389.61,173.16,389.61,346.32,346.32,952.381,216.45,389.61,432.9,649.351,173.16,173.16,432.9,606.061,476.19,1255.411,909.091,865.801,173.16,649.351
lanadelumab,Whole_mAb,2,2,456,8.92,-0.25,41.07,0.1184,570.175,175.439,394.737,350.877,350.877,1008.772,43.86,526.316,394.737,701.754,219.298,175.439,350.877,614.035,526.316,1315.789,833.333,614.035,263.158,570.175
latozinemab,Whole_mAb,2,2,468,8.44,-0.29,41.01,0.1068,427.35,170.94,341.88,341.88,170.94,1111.111,42.735,470.085,427.35,811.966,128.205,170.94,555.556,683.761,341.88,1452.991,769.231,683.761,213.675,683.761
lebrikizumab,Whole_mAb,2,2,458,5.42,-0.28,25.01,0.0961,567.686,174.672,567.686,305.677,218.341,829.694,43.668,393.013,480.349,829.694,262.009,436.681,524.017,524.017,305.677,1179.039,873.362,742.358,218.341,524.017
lecanemab,Whole_mAb,2,2,472,8.71,-0.25,45.75,0.1271,423.729,169.492,338.983,381.356,423.729,1186.441,127.119,381.356,338.983,677.966,169.492,211.864,508.475,423.729,508.475,1440.678,677.966,762.712,169.492,677.966
lemzoparlimab,Whole_mAb,2,2,462,8.91,-0.35,37.11,0.0952,779.221,173.16,432.9,432.9,259.74,1038.961,0.0,432.9,519.481,822.511,173.16,389.61,432.9,562.771,519.481,1038.961,692.641,606.061,216.45,476.19
lenvervimab,Whole_mAb,2,2,472,8.7,-0.27,39.02,0.1186,466.102,169.492,550.847,254.237,296.61,932.203,0.0,381.356,466.102,847.458,84.746,254.237,338.983,508.475,466.102,1398.305,932.203,762.712,296.61,593.22
lerdelimumab,Whole_mAb,2,2,448,8.08,-0.37,45.82,0.1027,669.643,178.571,491.071,357.143,223.214,1116.071,89.286,267.857,312.5,758.929,89.286,312.5,312.5,535.714,580.357,1383.929,714.286,803.571,223.214,580.357
leronlimab,Whole_mAb,2,2,468,8.04,-0.29,35.34,0.1282,384.615,170.94,341.88,427.35,384.615,1111.111,128.205,384.615,470.085,811.966,85.47,341.88,470.085,470.085,341.88,1282.051,769.231,726.496,256.41,641.026
levilimab,Whole_mAb,2,2,462,8.03,-0.27,41.98,0.1169,779.221,173.16,432.9,259.74,259.74,1038.961,43.29,303.03,346.32,779.221,86.58,216.45,346.32,779.221,389.61,1341.991,779.221,735.931,259.74,649.351
ligelizumab,Whole_mAb,2,2,460,5.64,-0.31,45.75,0.1435,652.174,173.913,260.87,565.217,478.261,869.565,130.435,391.304,347.826,521.739,173.913,173.913,391.304,565.217,347.826,1434.783,956.522,608.696,347.826,608.696
ligufalimab,Whole_mAb,2,2,448,8.73,-0.31,45.61,0.1205,669.643,178.571,357.143,357.143,357.143,937.5,133.929,312.5,401.786,580.357,267.857,223.214,446.429,580.357,446.429,1205.357,937.5,758.929,267.857,580.357
lirentelimab,Whole_mAb,2,2,452,7.09,-0.18,42.6,0.1195,707.965,176.991,265.487,398.23,353.982,1017.699,88.496,353.982,265.487,840.708,176.991,265.487,486.726,486.726,398.23,1504.425,796.46,575.221,221.239,619.469
litifilimab,Whole_mAb,2,2,466,4.99,-0.36,43.8,0.133,686.695,171.674,600.858,300.429,386.266,987.124,0.0,343.348,386.266,686.695,128.755,257.511,429.185,600.858,386.266,1287.554,815.451,600.858,214.592,729.614
lokivetmab,Whole_mAb,2,2,458,6.96,-0.31,42.21,0.1266,567.686,174.672,349.345,480.349,349.345,1048.035,43.668,349.345,436.681,742.358,262.009,262.009,393.013,611.354,393.013,1222.707,742.358,655.022,218.341,698.69
loncastuximab,Whole_mAb,2,2,448,8.01,-0.49,46.49,0.1205,669.643,178.571,357.143,401.786,178.571,937.5,133.929,312.5,491.071,401.786,312.5,267.857,491.071,535.714,312.5,1428.571,892.857,669.643,267.857,758.929
lusvertikimab,Whole_mAb,2,2,458,8.42,-0.26,42.07,0.131,655.022,174.672,480.349,262.009,305.677,1004.367,87.336,393.013,393.013,917.031,131.004,218.341,436.681,567.686,436.681,1222.707,742.358,567.686,174.672,829.694
magrolimab,Whole_mAb,2,2,458,8.68,-0.4,33.82,0.1179,524.017,174.672,436.681,349.345,305.677,960.699,87.336,349.345,480.349,567.686,218.341,305.677,480.349,611.354,436.681,1222.707,786.026,829.694,174.672,698.69
manfidokimab,Whole_mAb,2,2,446,8.9,-0.36,33.73,0.1076,627.803,179.372,358.744,313.901,224.215,941.704,89.686,358.744,448.43,493.274,134.529,224.215,403.587,717.489,403.587,1255.605,1076.233,896.861,224.215,627.803
margetuximab,Whole_mAb,2,2,454,8.43,-0.46,41.74,0.1278,616.74,176.211,572.687,264.317,396.476,837.004,176.211,440.529,528.634,440.529,132.159,176.211,440.529,704.846,396.476,1057.269,1057.269,704.846,220.264,660.793
marstacimab,Whole_mAb,2,2,464,5.81,-0.11,46.06,0.0948,775.862,172.414,387.931,258.621,258.621,1336.207,43.103,344.828,258.621,862.069,129.31,258.621,387.931,517.241,344.828,1637.931,689.655,646.552,172.414,517.241
masavibart,Whole_mAb,2,2,460,8.44,-0.26,44.34,0.1174,565.217,173.913,434.783,217.391,217.391,1130.435,43.478,304.348,391.304,739.13,130.435,391.304,304.348,521.739,347.826,1565.217,739.13,826.087,217.391,739.13
mazorelvimab,Whole_mAb,2,2,464,8.06,-0.14,48.23,0.125,474.138,172.414,431.034,344.828,474.138,1077.586,0.0,344.828,344.828,862.069,258.621,301.724,474.138,431.034,474.138,1336.207,689.655,732.759,172.414,603.448
mepolizumab,Whole_mAb,2,2,464,8.5,-0.26,31.78,0.0905,474.138,172.414,474.138,258.621,258.621,862.069,86.207,301.724,387.931,991.379,172.414,344.828,603.448,517.241,431.034,1293.103,991.379,732.759,215.517,431.034
mevonlerbart,Whole_mAb,2,2,444,8.71,-0.27,40.98,0.1216,720.721,180.18,405.405,360.36,360.36,990.991,0.0,360.36,450.45,810.811,135.135,225.225,360.36,540.541,450.45,1486.486,720.721,585.586,225.225,630.631
mibavademab,Whole_mAb,2,2,454,8.91,-0.25,48.34,0.1322,572.687,176.211,484.581,176.211,352.423,792.952,0.0,396.476,308.37,881.057,132.159,176.211,396.476,660.793,528.634,1585.903,837.004,572.687,264.317,704.846
mirikizumab,Whole_mAb,2,2,444,9.0,-0.39,34.27,0.1216,540.541,180.18,405.405,360.36,360.36,945.946,90.09,360.36,675.676,585.586,225.225,225.225,405.405,540.541,315.315,1171.171,1081.081,675.676,270.27,585.586
miromavimab,Whole_mAb,2,2,456,8.03,-0.43,35.53,0.1228,657.895,175.439,482.456,263.158,350.877,921.053,263.158,219.298,526.316,482.456,131.579,131.579,394.737,657.895,263.158,1403.509,1008.772,789.474,263.158,614.035
mirvetuximab,Whole_mAb,2,2,458,7.18,-0.32,41.42,0.1179,698.69,174.672,436.681,393.013,393.013,873.362,174.672,393.013,524.017,698.69,174.672,174.672,436.681,698.69,305.677,1179.039,829.694,655.022,174.672,611.354
modotuximab,Whole_mAb,2,2,462,6.36,-0.37,40.34,0.1212,519.481,173.16,346.32,476.19,303.03,909.091,129.87,346.32,476.19,779.221,216.45,346.32,389.61,606.061,303.03,1428.571,692.641,649.351,216.45,692.641
mogamulizumab,Whole_mAb,2,2,462,8.07,-0.23,41.12,0.1212,432.9,173.16,432.9,389.61,432.9,1038.961,86.58,389.61,346.32,865.801,129.87,346.32,476.19,476.19,519.481,1341.991,562.771,779.221,216.45,562.771
monalizumab,Whole_mAb,2,2,464,8.01,-0.42,41.48,0.1293,646.552,172.414,517.241,344.828,344.828,948.276,129.31,301.724,474.138,560.345,215.517,129.31,387.931,603.448,431.034,1077.586,1077.586,689.655,258.621,689.655
motavizumab,Whole_mAb,2,2,452,8.71,-0.27,34.6,0.1195,530.973,176.991,619.469,176.991,486.726,840.708,88.496,398.23,619.469,707.965,221.239,176.991,530.973,486.726,309.735,1150.442,1150.442,619.469,265.487,442.478
muromonab,Whole_mAb,2,2,450,8.77,-0.54,50.55,0.1289,711.111,222.222,355.556,311.111,222.222,800.0,133.333,311.111,533.333,533.333,311.111,266.667,355.556,666.667,311.111,1511.111,977.778,400.0,266.667,800.0
nadunolimab,Whole_mAb,2,2,448,7.11,-0.4,38.29,0.1116,580.357,178.571,401.786,357.143,178.571,1071.429,133.929,357.143,491.071,669.643,223.214,223.214,446.429,714.286,267.857,1250.0,848.214,669.643,267.857,669.643
narlumosbart,Whole_mAb,2,2,460,8.98,-0.26,41.51,0.1087,652.174,173.913,347.826,391.304,391.304,1217.391,0.0,347.826,304.348,826.087,130.435,130.435,478.261,565.217,608.696,1347.826,826.087,565.217,217.391,478.261
natalizumab,Whole_mAb,2,2,458,8.65,-0.45,44.22,0.1223,698.69,174.672,524.017,305.677,218.341,873.362,87.336,524.017,524.017,524.017,218.341,218.341,436.681,698.69,436.681,1048.035,873.362,611.354,218.341,786.026
naxitamab,Whole_mAb,2,2,446,8.74,-0.22,34.35,0.1211,627.803,179.372,269.058,358.744,358.744,1031.39,89.686,403.587,313.901,582.96,179.372,358.744,358.744,672.646,448.43,1255.605,762.332,896.861,224.215,627.803
necitumumab,Whole_mAb,2,2,456,8.03,-0.2,35.72,0.1184,614.035,175.439,350.877,307.018,307.018,1008.772,43.86,438.596,350.877,745.614,87.719,175.439,526.316,570.175,350.877,1491.228,921.053,657.895,219.298,657.895
nemolizumab,Whole_mAb,2,2,456,4.88,-0.41,37.61,0.114,657.895,175.439,570.175,394.737,307.018,964.912,87.719,394.737,438.596,570.175,175.439,219.298,482.456,745.614,263.158,1096.491,964.912,657.895,175.439,657.895
nepuvibart,Whole_mAb,2,2,454,6.58,-0.26,41.35,0.1233,616.74,176.211,528.634,264.317,352.423,1013.216,0.0,484.581,396.476,748.899,176.211,264.317,396.476,616.74,396.476,1233.48,881.057,572.687,176.211,704.846
netakimab,Whole_mAb,2,2,466,8.48,-0.26,52.57,0.1159,772.532,171.674,472.103,300.429,386.266,1158.798,0.0,386.266,257.511,729.614,85.837,85.837,472.103,643.777,600.858,1330.472,772.532,600.858,128.755,643.777
nimotuzumab,Whole_mAb,2,2,470,8.47,-0.43,43.42,0.1362,382.979,170.213,425.532,297.872,595.745,978.723,85.106,468.085,425.532,468.085,85.106,340.426,382.979,723.404,382.979,1361.702,1063.83,595.745,255.319,510.638
nirsevimab,Whole_mAb,2,2,466,4.59,-0.17,44.89,0.0944,600.858,171.674,472.103,472.103,214.592,944.206,85.837,472.103,343.348,772.532,214.592,257.511,515.021,729.614,214.592,1072.961,858.369,858.369,171.674,557.94
nisevokitug,Whole_mAb,2,2,458,5.49,-0.19,32.69,0.0917,829.694,174.672,393.013,480.349,174.672,1004.367,43.668,524.017,349.345,480.349,87.336,174.672,436.681,655.022,436.681,1222.707,786.026,1004.367,262.009,480.349
nivolumab,Whole_mAb,2,2,440,8.77,-0.36,43.44,0.1091,727.273,181.818,454.545,363.636,318.182,909.091,45.455,363.636,363.636,772.727,90.909,318.182,409.091,636.364,590.909,1272.727,727.273,681.818,272.727,500.0
nofazinlimab,Whole_mAb,2,2,454,8.44,-0.22,41.41,0.1233,396.476,176.211,396.476,352.423,352.423,1101.322,44.053,396.476,440.529,748.899,220.264,132.159,396.476,616.74,396.476,1277.533,881.057,792.952,176.211,704.846
obexelimab,Whole_mAb,2,2,466,7.09,-0.32,42.2,0.1288,429.185,171.674,300.429,515.021,343.348,1030.043,85.837,386.266,429.185,858.369,257.511,343.348,429.185,472.103,386.266,1244.635,815.451,557.94,171.674,772.532
obiltoxaximab,Whole_mAb,2,2,452,8.91,-0.47,41.9,0.1106,486.726,176.991,486.726,309.735,265.487,1017.699,0.0,442.478,442.478,707.965,176.991,265.487,398.23,796.46,530.973,1327.434,752.212,575.221,265.487,575.221
obinutuzumab,Whole_mAb,2,2,462,8.0,-0.22,32.38,0.1212,476.19,173.16,432.9,389.61,303.03,1038.961,43.29,389.61,519.481,779.221,173.16,259.74,476.19,519.481,346.32,1212.121,692.641,865.801,259.74,649.351
ociperlimab,Whole_mAb,2,2,452,8.04,-0.27,43.12,0.1327,752.212,176.991,353.982,398.23,353.982,1061.947,44.248,309.735,353.982,707.965,176.991,176.991,398.23,619.469,442.478,1150.442,884.956,663.717,221.239,752.212
ocrelizumab,Whole_mAb,2,2,456,8.88,-0.33,37.33,0.136,570.175,175.439,350.877,263.158,394.737,964.912,87.719,307.018,438.596,614.035,175.439,350.877,526.316,614.035,350.877,1359.649,745.614,745.614,263.158,701.754
odesivimab,Whole_mAb,2,2,462,6.96,-0.26,37.85,0.1299,649.351,173.16,346.32,432.9,346.32,1082.251,43.29,303.03,389.61,822.511,129.87,303.03,346.32,562.771,389.61,1255.411,779.221,692.641,259.74,692.641
ofatumumab,Whole_mAb,2,2,458,8.49,-0.31,44.09,0.1179,786.026,174.672,393.013,393.013,305.677,960.699,43.668,436.681,305.677,829.694,131.004,305.677,393.013,611.354,567.686,1266.376,698.69,524.017,262.009,611.354
olaratumab,Whole_mAb,2,2,468,8.46,-0.33,53.26,0.1368,598.291,170.94,299.145,341.88,341.88,897.436,0.0,341.88,256.41,897.436,42.735,256.41,512.821,641.026,470.085,1581.197,854.701,470.085,299.145,726.496
oleclumab,Whole_mAb,2,2,454,8.52,-0.28,37.69,0.1013,660.793,176.211,440.529,308.37,220.264,1277.533,44.053,264.317,264.317,1013.216,44.053,308.37,440.529,440.529,572.687,1409.692,704.846,616.74,264.317,528.634
olokizumab,Whole_mAb,2,2,454,5.44,-0.41,37.39,0.1278,616.74,176.211,440.529,396.476,396.476,969.163,44.053,352.423,396.476,837.004,176.211,484.581,352.423,704.846,352.423,1233.48,704.846,484.581,176.211,704.846
omalizumab,Whole_mAb,2,2,464,5.79,-0.39,44.9,0.125,560.345,172.414,517.241,344.828,301.724,1034.483,172.414,431.034,344.828,646.552,86.207,258.621,387.931,603.448,387.931,1422.414,732.759,646.552,258.621,689.655
omectatug,Whole_mAb,2,2,462,8.87,-0.46,30.51,0.1126,606.061,173.16,346.32,432.9,216.45,865.801,43.29,346.32,432.9,692.641,173.16,389.61,346.32,649.351,519.481,1255.411,909.091,692.641,216.45,692.641
ongericimab,Whole_mAb,2,2,434,8.48,-0.31,47.56,0.106,460.829,184.332,552.995,184.332,276.498,875.576,184.332,691.244,506.912,645.161,92.166,230.415,460.829,737.327,322.581,1336.406,829.493,645.161,276.498,506.912
ontamalimab,Whole_mAb,2,2,472,6.89,-0.32,30.41,0.1144,466.102,169.492,466.102,296.61,211.864,1016.949,42.373,381.356,423.729,593.22,254.237,211.864,423.729,720.339,338.983,1271.186,932.203,847.458,254.237,677.966
ormutivimab,Whole_mAb,2,2,478,6.88,-0.32,38.84,0.1172,669.456,209.205,460.251,292.887,376.569,1213.389,41.841,334.728,376.569,543.933,125.523,292.887,460.251,585.774,376.569,1255.23,878.661,711.297,209.205,585.774
otilimab,Whole_mAb,2,2,442,8.9,-0.29,35.85,0.1176,814.48,180.995,361.991,361.991,316.742,1312.217,0.0,361.991,497.738,633.484,135.747,316.742,407.24,542.986,407.24,1085.973,723.982,678.733,271.493,588.235
pabinafusp,Whole_mAb,2,2,460,8.42,-0.36,33.07,0.1217,391.304,173.913,391.304,391.304,260.87,1000.0,130.435,391.304,608.696,652.174,173.913,217.391,478.261,608.696,260.87,1391.304,695.652,826.087,304.348,652.174
palivizumab,Whole_mAb,2,2,452,8.82,-0.25,31.47,0.115,486.726,221.239,575.221,176.991,398.23,840.708,44.248,398.23,663.717,796.46,221.239,176.991,530.973,486.726,265.487,1194.69,1194.69,575.221,309.735,442.478
pamrevlumab,Whole_mAb,2,2,454,8.42,-0.32,46.71,0.1189,572.687,220.264,396.476,264.317,396.476,1321.586,88.106,352.423,352.423,704.846,176.211,176.211,396.476,660.793,396.476,1541.85,704.846,484.581,220.264,572.687
panitumumab,Whole_mAb,2,2,452,5.9,-0.25,32.78,0.1062,442.478,176.991,530.973,265.487,353.982,929.204,132.743,619.469,442.478,752.212,88.496,265.487,442.478,619.469,265.487,1415.929,973.451,575.221,221.239,486.726
paridiprubart,Whole_mAb,2,2,450,8.04,-0.37,33.6,0.1111,488.889,177.778,488.889,311.111,355.556,844.444,266.667,533.333,577.778,711.111,44.444,133.333,577.778,622.222,266.667,1333.333,933.333,577.778,222.222,533.333
patritumab,Whole_mAb,2,2,460,8.45,-0.4,29.49,0.1304,521.739,173.913,347.826,391.304,260.87,826.087,43.478,391.304,391.304,826.087,43.478,347.826,434.783,652.174,434.783,1434.783,826.087,608.696,391.304,652.174
peluntamig,Whole_mAb,2,2,442,6.49,-0.34,44.69,0.1131,588.235,180.995,361.991,452.489,316.742,904.977,180.995,361.991,452.489,769.231,90.498,180.995,452.489,769.231,316.742,1176.471,904.977,723.982,271.493,542.986
pembrolizumab,Whole_mAb,2,2,462,8.43,-0.36,36.33,0.1299,562.771,173.16,389.61,432.9,432.9,995.671,86.58,216.45,476.19,779.221,173.16,259.74,432.9,519.481,432.9,1125.541,952.381,692.641,173.16,692.641
pemivibart,Whole_mAb,2,2,472,4.96,-0.28,36.35,0.1186,677.966,169.492,550.847,296.61,296.61,1313.559,42.373,296.61,296.61,805.085,84.746,211.864,381.356,466.102,381.356,1440.678,805.085,593.22,211.864,677.966
penpulimab,Whole_mAb,2,2,450,8.47,-0.35,44.75,0.1289,666.667,177.778,488.889,311.111,400.0,1022.222,0.0,266.667,355.556,844.444,222.222,311.111,400.0,577.778,533.333,1288.889,711.111,533.333,222.222,666.667
pertuzumab,Whole_mAb,2,2,452,8.44,-0.3,32.79,0.1372,575.221,176.991,486.726,265.487,442.478,1017.699,0.0,353.982,398.23,707.965,132.743,265.487,442.478,663.717,442.478,1194.69,796.46,707.965,176.991,752.212
polatuzumab,Whole_mAb,2,2,456,4.84,-0.35,44.05,0.1096,614.035,175.439,482.456,526.316,350.877,1052.632,0.0,438.596,394.737,833.333,43.86,307.018,438.596,614.035,394.737,1228.07,789.474,570.175,219.298,526.316
pozelimab,Whole_mAb,2,2,454,8.46,-0.28,35.66,0.1145,572.687,176.211,440.529,264.317,308.37,881.057,0.0,484.581,440.529,748.899,88.106,264.317,484.581,660.793,352.423,1453.744,925.11,616.74,264.317,572.687
prolgolimab,Whole_mAb,2,2,470,8.96,-0.23,32.31,0.1064,765.957,170.213,425.532,212.766,212.766,1319.149,42.553,297.872,297.872,723.404,127.66,382.979,382.979,638.298,510.638,978.723,765.957,893.617,340.426,510.638
pucotenlimab,Whole_mAb,2,2,458,8.75,-0.33,39.85,0.1135,742.358,174.672,393.013,349.345,436.681,1179.039,0.0,349.345,480.349,698.69,218.341,436.681,480.349,611.354,393.013,1091.703,698.69,567.686,262.009,436.681
pulocimab,Whole_mAb,2,2,446,8.75,-0.17,39.13,0.1166,762.332,179.372,538.117,179.372,448.43,986.547,0.0,448.43,448.43,672.646,179.372,269.058,358.744,582.96,403.587,1479.821,672.646,672.646,224.215,493.274
racotumomab,Whole_mAb,2,2,456,5.48,-0.54,34.21,0.1316,438.596,175.439,570.175,394.737,350.877,877.193,43.86,438.596,526.316,789.474,87.719,307.018,263.158,701.754,350.877,1315.789,1008.772,394.737,263.158,701.754
rademikibart,Whole_mAb,2,2,448,8.77,-0.28,36.9,0.1205,803.571,178.571,357.143,401.786,401.786,1205.357,44.643,312.5,267.857,803.571,89.286,178.571,357.143,580.357,625.0,1294.643,714.286,580.357,223.214,580.357
ramucirumab,Whole_mAb,2,2,446,8.75,-0.17,38.75,0.1166,762.332,179.372,538.117,179.372,448.43,986.547,0.0,493.274,448.43,627.803,179.372,269.058,358.744,582.96,403.587,1479.821,672.646,672.646,224.215,493.274
ravulizumab,Whole_mAb,2,2,458,5.71,-0.29,34.18,0.1179,567.686,174.672,393.013,436.681,393.013,960.699,87.336,393.013,436.681,655.022,174.672,349.345,436.681,611.354,305.677,1179.039,917.031,742.358,262.009,524.017
recaticimab,Whole_mAb,2,2,466,8.85,-0.51,42.86,0.1373,472.103,171.674,600.858,300.429,472.103,729.614,85.837,300.429,600.858,600.858,214.592,214.592,343.348,643.777,472.103,1330.472,901.288,643.777,300.429,600.858
regdanvimab,Whole_mAb,2,2,476,8.45,-0.27,26.35,0.1008,420.168,168.067,504.202,210.084,210.084,1050.42,42.017,420.168,462.185,924.37,126.05,378.151,546.218,420.168,336.134,1134.454,1218.487,630.252,252.101,546.218
relatlimab,Whole_mAb,2,2,454,6.9,-0.36,30.84,0.1278,660.793,176.211,352.423,396.476,352.423,837.004,44.053,396.476,308.37,1013.216,0.0,396.476,528.634,660.793,440.529,1321.586,792.952,396.476,352.423,572.687
remternetug,Whole_mAb,2,2,458,8.47,-0.32,38.27,0.1266,611.354,174.672,349.345,349.345,393.013,1222.707,43.668,305.677,393.013,786.026,131.004,218.341,349.345,611.354,393.013,1484.716,786.026,524.017,262.009,611.354
reslizumab,Whole_mAb,2,2,446,6.66,-0.26,33.58,0.1166,582.96,179.372,403.587,358.744,269.058,986.547,0.0,403.587,403.587,852.018,89.686,313.901,358.744,627.803,358.744,1434.978,807.175,672.646,224.215,672.646
retifanlimab,Whole_mAb,2,2,460,5.96,-0.34,43.08,0.113,608.696,173.913,347.826,565.217,434.783,869.565,130.435,304.348,521.739,608.696,173.913,173.913,521.739,608.696,304.348,1391.304,782.609,782.609,260.87,434.783
riliprubart,Whole_mAb,2,2,460,4.77,-0.4,40.31,0.113,695.652,173.913,695.652,478.261,304.348,913.043,86.957,565.217,565.217,565.217,43.478,173.913,478.261,608.696,260.87,1130.435,782.609,652.174,217.391,608.696
rinatabart,Whole_mAb,2,2,460,9.16,-0.24,48.65,0.1261,826.087,173.913,347.826,260.87,347.826,1043.478,43.478,347.826,391.304,652.174,130.435,173.913,391.304,608.696,478.261,1521.739,652.174,695.652,217.391,695.652
ripertamab,Whole_mAb,2,2,454,9.12,-0.34,40.69,0.1233,837.004,176.211,220.264,308.37,264.317,969.163,88.106,352.423,572.687,484.581,176.211,264.317,528.634,572.687,220.264,1453.744,925.11,616.74,308.37,660.793
risankizumab,Whole_mAb,2,2,454,8.85,-0.36,36.98,0.1233,660.793,176.211,528.634,308.37,352.423,748.899,132.159,528.634,616.74,484.581,132.159,88.106,484.581,572.687,396.476,1321.586,881.057,704.846,264.317,616.74
rituximab,Whole_mAb,2,2,454,9.12,-0.34,40.69,0.1233,837.004,176.211,220.264,308.37,264.317,969.163,88.106,352.423,572.687,484.581,176.211,264.317,528.634,572.687,220.264,1453.744,925.11,616.74,308.37,660.793
rocatinlimab,Whole_mAb,2,2,448,8.95,-0.26,36.48,0.0982,535.714,178.571,401.786,312.5,312.5,892.857,133.929,401.786,446.429,982.143,133.929,89.286,535.714,625.0,446.429,1250.0,1116.071,535.714,223.214,446.429
roconkibart,Whole_mAb,2,2,458,8.03,-0.32,38.18,0.1266,436.681,174.672,436.681,305.677,393.013,1004.367,174.672,305.677,436.681,698.69,218.341,305.677,436.681,655.022,349.345,1222.707,742.358,829.694,218.341,655.022
romosozumab,Whole_mAb,2,2,460,5.44,-0.46,37.59,0.1217,521.739,173.913,652.174,304.348,304.348,1000.0,43.478,347.826,478.261,608.696,217.391,260.87,391.304,608.696,391.304,1130.435,1000.0,652.174,217.391,695.652
rosopatamab,Whole_mAb,2,2,444,5.39,-0.49,31.91,0.1171,495.495,180.18,585.586,360.36,315.315,900.901,90.09,405.405,630.631,630.631,90.09,315.315,540.541,585.586,180.18,1081.081,1171.171,585.586,270.27,585.586
rovelizumab,Whole_mAb,2,2,462,5.93,-0.47,36.25,0.1126,649.351,173.16,476.19,476.19,389.61,952.381,43.29,303.03,519.481,649.351,216.45,259.74,476.19,649.351,389.61,1168.831,909.091,562.771,216.45,519.481
rozanolixizumab,Whole_mAb,2,2,458,8.72,-0.16,40.42,0.1179,436.681,174.672,436.681,305.677,436.681,1091.703,87.336,393.013,436.681,917.031,131.004,174.672,436.681,480.349,436.681,1310.044,873.362,698.69,174.672,567.686
sabatolimab,Whole_mAb,2,2,458,8.69,-0.39,38.52,0.1092,611.354,174.672,393.013,393.013,349.345,1004.367,43.668,305.677,567.686,480.349,218.341,174.672,436.681,655.022,349.345,1397.38,917.031,786.026,174.672,567.686
sacituzumab,Whole_mAb,2,2,456,8.66,-0.24,25.95,0.1404,701.754,175.439,526.316,175.439,482.456,964.912,43.86,394.737,614.035,614.035,87.719,131.579,394.737,701.754,219.298,1315.789,833.333,701.754,263.158,657.895
safimestomig,Whole_mAb,2,2,462,8.97,-0.41,34.81,0.1342,692.641,173.16,389.61,389.61,389.61,952.381,43.29,346.32,519.481,606.061,173.16,303.03,389.61,562.771,476.19,1168.831,822.511,649.351,173.16,779.221
sarilumab,Whole_mAb,2,2,446,8.1,-0.29,43.1,0.1121,717.489,179.372,493.274,358.744,448.43,1076.233,44.843,448.43,358.744,717.489,179.372,224.215,358.744,627.803,538.117,1434.978,582.96,538.117,269.058,403.587
sasanlimab,Whole_mAb,2,2,460,8.43,-0.42,30.88,0.1304,478.261,173.913,391.304,391.304,347.826,869.565,43.478,304.348,521.739,652.174,173.913,391.304,391.304,608.696,347.826,1260.87,956.522,739.13,304.348,652.174
satralizumab,Whole_mAb,2,2,452,5.15,-0.32,35.35,0.0973,575.221,176.991,398.23,486.726,221.239,929.204,221.239,486.726,221.239,840.708,132.743,309.735,442.478,575.221,353.982,1460.177,884.956,530.973,221.239,530.973
satumomab,Whole_mAb,2,2,442,8.01,-0.5,39.71,0.1176,678.733,180.995,407.24,407.24,316.742,904.977,180.995,452.489,678.733,678.733,90.498,316.742,316.742,769.231,180.995,1312.217,814.48,452.489,226.244,633.484
secukinumab,Whole_mAb,2,2,470,6.95,-0.28,43.97,0.1362,595.745,212.766,425.532,425.532,340.426,1021.277,42.553,382.979,255.319,893.617,85.106,255.319,382.979,553.191,595.745,1234.043,638.298,638.298,255.319,765.957
semzuvolimab,Whole_mAb,2,2,458,6.17,-0.36,31.67,0.1092,786.026,174.672,524.017,349.345,305.677,1004.367,87.336,393.013,611.354,655.022,131.004,305.677,436.681,655.022,218.341,1091.703,829.694,655.022,174.672,611.354
seniprutug,Whole_mAb,2,2,458,8.02,-0.38,36.0,0.1266,480.349,174.672,480.349,393.013,480.349,960.699,87.336,393.013,567.686,742.358,87.336,218.341,436.681,655.022,349.345,1179.039,917.031,611.354,262.009,524.017
serplulimab,Whole_mAb,2,2,446,8.9,-0.24,38.64,0.1256,627.803,179.372,403.587,224.215,358.744,1121.076,89.686,493.274,448.43,627.803,134.529,224.215,358.744,582.96,358.744,1345.291,896.861,627.803,269.058,627.803
setrusumab,Whole_mAb,2,2,456,5.56,-0.33,42.07,0.1096,614.035,175.439,570.175,263.158,263.158,1096.491,131.579,350.877,307.018,789.474,87.719,438.596,307.018,526.316,394.737,1447.368,701.754,701.754,219.298,614.035
sibeprenlimab,Whole_mAb,2,2,462,9.05,-0.34,40.08,0.1212,779.221,173.16,346.32,432.9,389.61,865.801,129.87,432.9,432.9,562.771,173.16,173.16,346.32,649.351,562.771,1168.831,865.801,692.641,216.45,606.061
sigvotatug,Whole_mAb,2,2,446,8.85,-0.41,28.2,0.1166,627.803,179.372,403.587,358.744,269.058,986.547,0.0,403.587,582.96,672.646,89.686,403.587,403.587,627.803,358.744,1076.233,986.547,672.646,224.215,672.646
siltartoxatug,Whole_mAb,2,2,450,8.9,-0.22,35.02,0.1067,577.778,177.778,311.111,311.111,266.667,888.889,44.444,533.333,488.889,800.0,44.444,133.333,488.889,711.111,311.111,1511.111,977.778,622.222,222.222,577.778
siltuximab,Whole_mAb,2,2,450,8.02,-0.24,52.4,0.1378,666.667,177.778,266.667,488.889,311.111,977.778,0.0,355.556,400.0,755.556,311.111,133.333,400.0,400.0,400.0,1644.444,755.556,488.889,266.667,800.0
sintilimab,Whole_mAb,2,2,454,8.06,-0.17,45.5,0.1013,837.004,176.211,352.423,352.423,396.476,969.163,88.106,440.529,440.529,572.687,176.211,44.053,396.476,748.899,308.37,1541.85,837.004,704.846,220.264,396.476
socazolimab,Whole_mAb,2,2,456,5.86,-0.16,45.79,0.1096,745.614,175.439,307.018,394.737,219.298,1096.491,43.86,394.737,394.737,526.316,175.439,219.298,307.018,526.316,263.158,1622.807,833.333,877.193,175.439,701.754
solanezumab,Whole_mAb,2,2,448,8.76,-0.21,41.78,0.1071,491.071,178.571,401.786,312.5,357.143,1026.786,89.286,312.5,357.143,848.214,133.929,312.5,446.429,580.357,491.071,1383.929,669.643,892.857,178.571,535.714
sonesitatug,Whole_mAb,2,2,462,8.68,-0.36,25.99,0.1255,476.19,173.16,303.03,303.03,259.74,865.801,0.0,476.19,476.19,779.221,43.29,519.481,476.19,649.351,259.74,1471.861,865.801,606.061,303.03,692.641
spesolimab,Whole_mAb,2,2,454,8.92,-0.36,40.94,0.1233,572.687,176.211,264.317,440.529,396.476,837.004,176.211,308.37,396.476,616.74,176.211,264.317,528.634,528.634,484.581,1277.533,969.163,748.899,264.317,572.687
spevatamig,Whole_mAb,2,2,442,6.49,-0.34,42.94,0.1131,588.235,180.995,361.991,497.738,316.742,904.977,180.995,361.991,497.738,769.231,90.498,180.995,452.489,678.733,316.742,1176.471,904.977,723.982,271.493,542.986
stapokibart,Whole_mAb,2,2,452,8.94,-0.27,38.92,0.1106,707.965,176.991,353.982,309.735,353.982,1017.699,44.248,353.982,353.982,840.708,132.743,309.735,353.982,619.469,486.726,1327.434,929.204,575.221,176.991,575.221
sugemalimab,Whole_mAb,2,2,458,6.16,-0.3,37.57,0.1135,611.354,174.672,480.349,305.677,305.677,1266.376,87.336,262.009,305.677,655.022,87.336,349.345,524.017,480.349,436.681,1310.044,655.022,873.362,218.341,611.354
suptavumab,Whole_mAb,2,2,460,8.05,-0.21,44.16,0.1261,739.13,173.913,391.304,391.304,347.826,1000.0,43.478,217.391,347.826,913.043,130.435,260.87,347.826,565.217,478.261,1173.913,782.609,782.609,260.87,652.174
sutacimig,Whole_mAb,2,2,458,8.72,-0.28,29.96,0.1135,567.686,174.672,262.009,349.345,305.677,917.031,87.336,480.349,393.013,873.362,0.0,262.009,567.686,655.022,349.345,1528.384,873.362,524.017,218.341,611.354
sutimlimab,Whole_mAb,2,2,454,9.03,-0.23,48.61,0.1233,660.793,176.211,264.317,308.37,308.37,969.163,132.159,308.37,396.476,969.163,176.211,220.264,440.529,484.581,396.476,1497.797,881.057,484.581,220.264,704.846
suvemcitug,Whole_mAb,2,2,468,6.65,-0.22,37.97,0.0983,598.291,256.41,470.085,341.88,341.88,1068.376,0.0,341.88,427.35,726.496,213.675,470.085,427.35,427.35,384.615,1452.991,641.026,769.231,213.675,427.35
suvratoxumab,Whole_mAb,2,2,456,8.46,-0.36,39.24,0.1184,657.895,175.439,482.456,307.018,307.018,1096.491,131.579,350.877,438.596,657.895,175.439,131.579,350.877,570.175,438.596,1359.649,877.193,614.035,263.158,614.035
tabalumab,Whole_mAb,2,2,460,8.87,-0.34,32.07,0.1348,652.174,173.913,304.348,347.826,260.87,913.043,43.478,434.783,347.826,869.565,0.0,260.87,478.261,652.174,478.261,1347.826,826.087,521.739,304.348,782.609
tafasitamab,Whole_mAb,2,2,466,7.09,-0.32,42.2,0.1288,429.185,171.674,300.429,515.021,343.348,1030.043,85.837,386.266,429.185,858.369,257.511,343.348,429.185,472.103,386.266,1244.635,815.451,557.94,171.674,772.532
tafolecimab,Whole_mAb,2,2,464,9.1,-0.26,38.52,0.1121,689.655,172.414,215.517,387.931,301.724,948.276,0.0,431.034,344.828,818.966,0.0,301.724,603.448,560.345,474.138,1508.621,818.966,603.448,301.724,517.241
tagitanlimab,Whole_mAb,2,2,454,8.03,-0.37,40.85,0.1013,440.529,176.211,352.423,440.529,264.317,792.952,44.053,528.634,528.634,748.899,44.053,396.476,528.634,616.74,308.37,1365.639,1013.216,660.793,264.317,484.581
tanezumab,Whole_mAb,2,2,456,8.44,-0.33,31.61,0.1272,438.596,175.439,438.596,263.158,350.877,921.053,87.719,570.175,482.456,745.614,43.86,263.158,438.596,657.895,307.018,1359.649,1008.772,526.316,263.158,657.895
tarcocimab,Whole_mAb,2,2,460,6.35,-0.33,37.51,0.1522,565.217,173.913,434.783,304.348,434.783,956.522,130.435,304.348,391.304,695.652,86.957,217.391,434.783,608.696,304.348,1260.87,956.522,652.174,304.348,782.609
telikibart,Whole_mAb,2,2,474,8.71,-0.17,47.75,0.1224,464.135,168.776,421.941,337.553,421.941,1181.435,0.0,506.329,379.747,801.688,168.776,210.97,421.941,506.329,506.329,1392.405,632.911,675.105,168.776,632.911
teplizumab,Whole_mAb,2,2,450,9.09,-0.56,50.38,0.1333,400.0,222.222,533.333,133.333,355.556,888.889,88.889,400.0,400.0,488.889,177.778,311.111,488.889,755.556,533.333,1333.333,933.333,577.778,266.667,711.111
teprotumumab,Whole_mAb,2,2,452,9.28,-0.33,50.4,0.1239,752.212,176.991,353.982,442.478,442.478,929.204,44.248,309.735,309.735,796.46,88.496,132.743,442.478,575.221,752.212,1371.681,663.717,619.469,309.735,486.726
tezepelumab,Whole_mAb,2,2,460,6.59,-0.37,39.11,0.1043,695.652,173.913,521.739,347.826,260.87,1043.478,217.391,260.87,304.348,608.696,173.913,391.304,434.783,565.217,521.739,1043.478,695.652,956.522,347.826,434.783
tifcemalimab,Whole_mAb,2,2,462,8.43,-0.41,31.11,0.1126,606.061,173.16,562.771,303.03,303.03,952.381,129.87,259.74,562.771,822.511,86.58,216.45,476.19,649.351,389.61,1168.831,779.221,735.931,216.45,606.061
tildrakizumab,Whole_mAb,2,2,446,8.45,-0.28,37.07,0.1256,717.489,179.372,358.744,403.587,403.587,1031.39,89.686,448.43,493.274,538.117,224.215,134.529,403.587,627.803,358.744,1121.076,986.547,627.803,224.215,627.803
tiragolumab,Whole_mAb,2,2,478,6.67,-0.39,40.15,0.1255,502.092,167.364,460.251,334.728,334.728,711.297,0.0,376.569,460.251,794.979,41.841,376.569,543.933,669.456,334.728,1380.753,920.502,669.456,292.887,627.615
tislelizumab,Whole_mAb,2,2,450,7.11,-0.26,27.85,0.1156,577.778,177.778,444.444,311.111,266.667,844.444,133.333,444.444,488.889,711.111,44.444,311.111,488.889,577.778,266.667,1288.889,888.889,844.444,222.222,666.667
tisotumab,Whole_mAb,2,2,450,8.46,-0.37,48.91,0.1244,666.667,177.778,400.0,311.111,311.111,977.778,0.0,355.556,355.556,800.0,133.333,222.222,444.444,666.667,444.444,1600.0,755.556,444.444,222.222,711.111
tixagevimab,Whole_mAb,2,2,464,8.81,-0.29,44.44,0.1078,646.552,258.621,301.724,431.034,344.828,948.276,43.103,474.138,344.828,560.345,215.517,129.31,387.931,689.655,560.345,1465.517,818.966,646.552,258.621,474.138
tizetatug,Whole_mAb,2,2,456,8.66,-0.22,25.91,0.1404,701.754,175.439,438.596,263.158,438.596,964.912,43.86,394.737,614.035,614.035,87.719,131.579,394.737,657.895,219.298,1271.93,877.193,745.614,263.158,701.754
tocilizumab,Whole_mAb,2,2,452,9.22,-0.33,35.59,0.1062,486.726,176.991,398.23,176.991,221.239,796.46,88.496,486.726,309.735,796.46,132.743,176.991,486.726,707.965,530.973,1548.673,1061.947,575.221,221.239,619.469
toripalimab,Whole_mAb,2,2,474,7.18,-0.27,38.88,0.1139,506.329,168.776,337.553,506.329,337.553,970.464,168.776,421.941,506.329,590.717,126.582,168.776,379.747,590.717,337.553,1181.435,970.464,928.27,210.97,590.717
tosatoxumab,Whole_mAb,2,2,464,8.74,-0.42,40.0,0.1121,646.552,172.414,387.931,301.724,301.724,1120.69,129.31,344.828,474.138,560.345,172.414,301.724,474.138,560.345,344.828,1551.724,732.759,603.448,344.828,474.138
tozorakimab,Whole_mAb,2,2,464,8.48,-0.26,39.75,0.1121,646.552,172.414,387.931,301.724,301.724,1293.103,0.0,344.828,344.828,689.655,258.621,258.621,431.034,646.552,431.034,1206.897,775.862,689.655,215.517,603.448
tralokinumab,Whole_mAb,2,2,460,5.87,-0.33,32.3,0.1087,652.174,173.913,565.217,304.348,260.87,1130.435,43.478,304.348,347.826,565.217,130.435,304.348,434.783,521.739,478.261,1130.435,913.043,913.043,347.826,478.261
trastuzumab,Whole_mAb,2,2,454,8.71,-0.33,41.17,0.1233,748.899,176.211,484.581,264.317,352.423,969.163,88.106,396.476,396.476,616.74,132.159,220.264,440.529,616.74,484.581,1145.374,925.11,660.793,220.264,660.793
tremelimumab,Whole_mAb,2,2,464,8.85,-0.34,47.7,0.1379,646.552,172.414,474.138,215.517,344.828,948.276,43.103,344.828,387.931,646.552,172.414,215.517,431.034,646.552,474.138,1336.207,775.862,689.655,215.517,818.966
tulisokibart,Whole_mAb,2,2,444,8.48,-0.43,43.28,0.0991,540.541,180.18,450.45,450.45,270.27,990.991,90.09,360.36,450.45,675.676,135.135,90.09,585.586,630.631,540.541,1216.216,900.901,720.721,225.225,495.495
tusamitamab,Whole_mAb,2,2,454,7.17,-0.22,43.85,0.1278,660.793,176.211,308.37,396.476,484.581,1013.216,132.159,308.37,352.423,748.899,132.159,220.264,484.581,484.581,352.423,1453.744,881.057,616.74,176.211,616.74
tuvonralimab,Whole_mAb,2,2,450,8.91,-0.32,39.14,0.1289,666.667,177.778,400.0,400.0,400.0,1111.111,44.444,355.556,355.556,800.0,88.889,177.778,533.333,533.333,622.222,1155.556,666.667,622.222,222.222,666.667
ublituximab,Whole_mAb,2,2,448,9.12,-0.42,50.4,0.1339,803.571,178.571,223.214,312.5,312.5,937.5,89.286,312.5,491.071,446.429,267.857,267.857,491.071,625.0,312.5,1517.857,848.214,535.714,267.857,758.929
umesolerbart,Whole_mAb,2,2,452,8.09,-0.25,49.78,0.1106,796.46,176.991,309.735,486.726,398.23,884.956,44.248,442.478,309.735,707.965,132.743,265.487,353.982,530.973,530.973,1592.92,752.212,575.221,221.239,486.726
upinitatug,Whole_mAb,2,2,452,8.85,-0.3,34.56,0.1195,663.717,176.991,353.982,309.735,309.735,973.451,44.248,353.982,530.973,707.965,132.743,176.991,353.982,707.965,309.735,1327.434,1017.699,663.717,176.991,707.965
ustekinumab,Whole_mAb,2,2,452,8.87,-0.34,52.17,0.1283,530.973,176.991,442.478,265.487,353.982,929.204,0.0,530.973,530.973,619.469,221.239,88.496,486.726,796.46,353.982,1460.177,752.212,530.973,309.735,619.469
vamikibart,Whole_mAb,2,2,466,4.97,-0.32,45.23,0.1073,686.695,171.674,386.266,557.94,214.592,944.206,0.0,386.266,386.266,686.695,171.674,257.511,515.021,686.695,386.266,1115.88,772.532,815.451,214.592,643.777
vecantoxatug,Whole_mAb,2,2,444,8.86,-0.33,43.7,0.1216,675.676,180.18,360.36,360.36,360.36,765.766,45.045,495.495,585.586,585.586,135.135,180.18,450.45,630.631,315.315,1441.441,990.991,585.586,225.225,630.631
vedolizumab,Whole_mAb,2,2,466,7.03,-0.38,41.98,0.1202,472.103,171.674,429.185,429.185,257.511,1030.043,85.837,386.266,472.103,643.777,128.755,214.592,472.103,643.777,386.266,1287.554,729.614,815.451,257.511,686.695
veligrotug,Whole_mAb,2,2,472,9.09,-0.37,37.4,0.1229,423.729,127.119,381.356,338.983,381.356,974.576,127.119,338.983,508.475,677.966,127.119,296.61,508.475,593.22,423.729,1355.932,720.339,847.458,254.237,593.22
velinotamig,Whole_mAb,2,2,450,9.6,-0.32,43.17,0.1244,533.333,177.778,355.556,266.667,400.0,1022.222,88.889,355.556,444.444,711.111,177.778,177.778,400.0,666.667,622.222,1333.333,666.667,755.556,311.111,533.333
vibostolimab,Whole_mAb,2,2,452,8.43,-0.37,39.65,0.1239,575.221,176.991,398.23,398.23,309.735,973.451,176.991,353.982,530.973,619.469,132.743,88.496,442.478,619.469,353.982,1327.434,840.708,752.212,221.239,707.965
vilamakitug,Whole_mAb,2,2,462,5.19,-0.32,40.04,0.1126,606.061,173.16,476.19,389.61,259.74,865.801,43.29,476.19,432.9,735.931,129.87,259.74,432.9,779.221,303.03,1255.411,822.511,692.641,216.45,649.351
vilobelimab,Whole_mAb,2,2,460,5.21,-0.52,55.88,0.113,608.696,173.913,652.174,347.826,304.348,913.043,43.478,391.304,478.261,652.174,130.435,173.913,521.739,826.087,391.304,1304.348,695.652,565.217,217.391,608.696
visilizumab,Whole_mAb,2,2,452,8.96,-0.44,45.95,0.1239,752.212,176.991,442.478,265.487,265.487,840.708,88.496,309.735,619.469,530.973,221.239,176.991,442.478,619.469,309.735,1504.425,840.708,619.469,221.239,752.212
vunakizumab,Whole_mAb,2,2,458,5.74,-0.43,44.08,0.1266,611.354,174.672,436.681,480.349,305.677,829.694,87.336,262.009,480.349,524.017,218.341,174.672,436.681,611.354,349.345,1266.376,1004.367,786.026,262.009,698.69
xeligekimab,Whole_mAb,2,2,468,6.18,-0.38,41.48,0.1239,512.821,170.94,555.556,341.88,256.41,982.906,85.47,384.615,384.615,769.231,213.675,384.615,341.88,598.291,470.085,1196.581,641.026,726.496,256.41,726.496
zamerovimab,Whole_mAb,2,2,456,8.81,-0.32,30.83,0.136,701.754,175.439,438.596,263.158,350.877,921.053,0.0,350.877,570.175,614.035,131.579,175.439,394.737,701.754,307.018,1315.789,877.193,701.754,175.439,833.333
zanolimumab,Whole_mAb,2,2,444,8.74,-0.24,32.13,0.1216,630.631,180.18,360.36,225.225,360.36,855.856,90.09,495.495,450.45,765.766,45.045,270.27,495.495,720.721,270.27,1531.532,810.811,585.586,360.36,495.495
zigakibart,Whole_mAb,2,2,456,8.83,-0.36,34.35,0.1228,789.474,175.439,438.596,263.158,350.877,877.193,43.86,307.018,614.035,526.316,263.158,350.877,438.596,614.035,263.158,1228.07,877.193,701.754,175.439,701.754
ziltivekimab,Whole_mAb,2,2,452,6.96,-0.25,44.48,0.1195,663.717,176.991,530.973,309.735,265.487,1017.699,44.248,442.478,398.23,796.46,176.991,132.743,398.23,575.221,442.478,1327.434,752.212,619.469,353.982,575.221
zimberelimab,Whole_mAb,2,2,466,6.13,-0.25,36.73,0.1202,472.103,171.674,386.266,257.511,214.592,944.206,85.837,386.266,343.348,815.451,42.918,300.429,472.103,515.021,257.511,1673.82,987.124,686.695,257.511,729.614
zolbetuximab,Whole_mAb,2,2,462,8.65,-0.55,38.11,0.1299,432.9,173.16,432.9,303.03,303.03,779.221,0.0,303.03,606.061,692.641,129.87,389.61,476.19,735.931,259.74,1428.571,995.671,562.771,303.03,692.641
acasunlimab,Bispecific_mAb,2,2,456,5.9,-0.18,45.43,0.114,679.825,175.439,482.456,328.947,328.947,1228.07,87.719,350.877,307.018,745.614,109.649,197.368,394.737,482.456,438.596,1359.649,701.754,789.474,219.298,592.105
alnuctamab,Bispecific_mAb,2,2,459,8.32,-0.24,35.79,0.1198,784.314,174.292,326.797,413.943,370.37,1176.471,43.573,217.865,326.797,893.246,87.146,326.797,413.943,501.089,479.303,1154.684,806.1,675.381,261.438,566.449
amivantamab,Bispecific_mAb,2,2,458,8.47,-0.26,37.87,0.1201,655.022,174.672,480.349,283.843,371.179,960.699,65.502,393.013,393.013,698.69,174.672,196.507,349.345,633.188,458.515,1310.044,873.362,698.69,240.175,589.52
amostomig,Bispecific_mAb,2,2,476,5.91,-0.24,36.07,0.105,714.286,210.084,378.151,336.134,231.092,1302.521,126.05,273.109,231.092,756.303,210.084,399.16,357.143,483.193,399.16,1008.403,1071.429,693.277,210.084,609.244
arumakimig,Bispecific_mAb,2,2,454,8.07,-0.31,44.2,0.1123,660.793,176.211,440.529,330.396,352.423,991.189,110.132,396.476,418.502,660.793,110.132,286.344,462.555,638.767,396.476,1299.559,748.899,748.899,220.264,550.661
bafisontamab,Bispecific_mAb,2,2,450,8.28,-0.26,34.76,0.1133,644.444,177.778,466.667,244.444,333.333,933.333,66.667,466.667,466.667,666.667,133.333,222.222,400.0,666.667,311.111,1377.778,977.778,644.444,244.444,555.556
besufetamig,Bispecific_mAb,2,2,459,8.92,-0.32,47.99,0.122,588.235,174.292,348.584,239.651,392.157,871.46,87.146,348.584,392.157,675.381,152.505,239.651,457.516,827.887,370.37,1394.336,936.819,675.381,261.438,566.449
bexatamig,Bispecific_mAb,2,2,460,8.83,-0.45,34.58,0.1261,608.696,173.913,413.043,369.565,304.348,913.043,43.478,434.783,608.696,586.957,217.391,239.13,413.043,652.174,347.826,1347.826,826.087,543.478,260.87,695.652
cevostamab,Bispecific_mAb,2,2,458,8.86,-0.36,35.83,0.1223,502.183,174.672,458.515,349.345,349.345,829.694,87.336,371.179,567.686,742.358,43.668,262.009,393.013,567.686,414.847,1353.712,873.362,786.026,240.175,633.188
cibisatamab,Bispecific_mAb,2,2,459,8.0,-0.29,34.68,0.1329,849.673,174.292,326.797,501.089,392.157,1023.965,21.786,174.292,501.089,566.449,196.078,174.292,348.584,522.876,370.37,936.819,1176.471,806.1,305.011,631.808
ciduvectamig,Bispecific_mAb,2,2,455,8.94,-0.3,50.55,0.1077,571.429,175.824,417.582,219.78,307.692,989.011,65.934,329.67,351.648,879.121,87.912,307.692,439.56,637.363,461.538,1560.44,791.209,637.363,219.78,549.451
davutamig,Bispecific_mAb,2,2,454,6.01,-0.25,48.69,0.1189,682.819,176.211,506.608,264.317,352.423,859.031,66.079,462.555,330.396,792.952,154.185,242.291,396.476,660.793,396.476,1475.771,792.952,550.661,198.238,638.767
denecimig,Bispecific_mAb,2,2,458,8.72,-0.31,41.81,0.1245,524.017,174.672,393.013,414.847,436.681,982.533,87.336,436.681,458.515,764.192,152.838,109.17,371.179,611.354,480.349,1550.218,676.856,567.686,262.009,545.852
dilpacimab,Bispecific_mAb,2,2,455,7.02,-0.35,37.35,0.1363,637.363,175.824,439.56,307.692,417.582,945.055,65.934,329.67,373.626,703.297,131.868,351.648,461.538,593.407,373.626,1274.725,879.121,593.407,241.758,703.297
elranatamab,Bispecific_mAb,2,2,456,8.75,-0.3,41.22,0.1162,657.895,175.439,438.596,372.807,350.877,964.912,21.93,350.877,350.877,877.193,153.509,241.228,460.526,570.175,592.105,1315.789,679.825,614.035,241.228,570.175
epcoritamab,Bispecific_mAb,2,2,463,8.75,-0.25,39.46,0.1231,820.734,172.786,388.769,323.974,367.171,1015.119,64.795,345.572,323.974,777.538,129.59,410.367,345.572,518.359,518.359,1123.11,820.734,669.546,280.778,583.153
etentamig,Bispecific_mAb,2,2,456,8.65,-0.36,42.36,0.1096,767.544,175.439,328.947,416.667,307.018,1140.351,43.86,328.947,307.018,745.614,131.579,307.018,394.737,635.965,548.246,1337.719,701.754,592.105,263.158,526.316
etuptamig,Bispecific_mAb,2,2,458,8.78,-0.3,32.84,0.1266,720.524,174.672,371.179,371.179,371.179,1048.035,21.834,240.175,545.852,698.69,152.838,414.847,371.179,502.183,349.345,1048.035,917.031,786.026,283.843,611.354
fanastomig,Bispecific_mAb,2,2,448,5.91,-0.33,46.47,0.1138,669.643,178.571,513.393,357.143,223.214,959.821,89.286,446.429,468.75,691.964,133.929,223.214,379.464,580.357,334.821,1316.964,870.536,647.321,245.536,669.643
faricimab,Bispecific_mAb,2,2,467,6.67,-0.39,39.76,0.1392,599.572,171.306,471.092,278.373,321.199,1027.837,128.48,299.786,364.026,535.332,149.893,278.373,492.505,599.572,364.026,1220.557,856.531,770.878,299.786,770.878
fazpilodemab,Bispecific_mAb,2,2,454,4.75,-0.27,33.64,0.1123,704.846,176.211,572.687,374.449,286.344,991.189,22.026,374.449,330.396,726.872,110.132,242.291,396.476,616.74,374.449,1233.48,881.057,748.899,220.264,616.74
forimtamig,Bispecific_mAb,2,2,463,8.99,-0.25,41.42,0.1166,712.743,172.786,237.581,431.965,302.376,1036.717,43.197,323.974,388.769,820.734,107.991,280.778,475.162,561.555,475.162,1166.307,885.529,712.743,259.179,604.752
glofitamab,Bispecific_mAb,2,2,465,8.71,-0.21,34.09,0.1226,666.667,172.043,322.581,387.097,322.581,1139.785,43.011,258.065,430.108,838.71,129.032,365.591,408.602,473.118,408.602,1118.28,795.699,817.204,279.57,623.656
gremubamab,Bispecific_mAb,2,2,457,8.54,-0.29,42.58,0.1116,590.81,218.818,437.637,284.464,284.464,962.801,65.646,459.519,437.637,809.628,131.291,218.818,437.637,634.573,393.873,1356.674,897.155,547.046,262.582,568.928
ivicentamab,Bispecific_mAb,2,2,459,7.66,-0.23,36.33,0.1155,806.1,174.292,457.516,305.011,348.584,1045.752,21.786,370.37,413.943,806.1,130.719,370.37,348.584,544.662,370.37,1263.617,806.1,610.022,239.651,566.449
linclatamig,Bispecific_mAb,2,2,454,8.45,-0.33,35.77,0.1211,660.793,176.211,462.555,440.529,374.449,859.031,22.026,396.476,506.608,748.899,110.132,264.317,374.449,462.555,484.581,1277.533,903.084,638.767,242.291,594.714
linvoseltamab,Bispecific_mAb,2,2,465,8.23,-0.35,47.73,0.1204,602.151,215.054,473.118,301.075,365.591,967.742,43.011,387.097,387.097,752.688,150.538,236.559,387.097,666.667,451.613,1526.882,709.677,537.634,215.054,623.656
lomvastomig,Bispecific_mAb,2,2,457,5.58,-0.25,40.86,0.116,634.573,175.055,525.164,371.991,328.228,984.683,65.646,393.873,393.873,743.982,131.291,262.582,437.637,590.81,415.755,1203.501,700.219,809.628,218.818,612.691
lutikizumab,Bispecific_mAb,2,2,455,8.95,-0.23,43.29,0.1165,571.429,175.824,417.582,285.714,461.538,1076.923,131.868,417.582,395.604,703.297,131.868,197.802,461.538,593.407,483.516,1296.703,769.231,725.275,219.78,483.516
marlotamig,Bispecific_mAb,2,2,459,8.45,-0.26,38.17,0.1242,479.303,174.292,326.797,370.37,239.651,958.606,43.573,522.876,326.797,740.741,43.573,87.146,522.876,610.022,457.516,1525.054,893.246,675.381,283.224,718.954
mosunetuzumab,Bispecific_mAb,1,1,231,8.56,-0.42,33.21,0.1299,649.351,173.16,432.9,432.9,303.03,822.511,43.29,389.61,562.771,735.931,43.29,303.03,346.32,562.771,432.9,1212.121,909.091,649.351,259.74,735.931
navicixizumab,Bispecific_mAb,2,2,462,7.6,-0.39,37.91,0.1212,627.706,173.16,541.126,389.61,346.32,887.446,64.935,389.61,606.061,519.481,216.45,238.095,389.61,627.706,346.32,1233.766,735.931,800.866,238.095,627.706
nezastomig,Bispecific_mAb,2,2,462,8.72,-0.3,43.62,0.132,541.126,173.16,389.61,346.32,367.965,1017.316,64.935,389.61,324.675,757.576,108.225,108.225,454.545,627.706,541.126,1428.571,757.576,649.351,259.74,692.641
obrixtamig,Bispecific_mAb,2,2,465,8.96,-0.24,35.97,0.1247,752.688,172.043,279.57,387.097,344.086,1053.763,64.516,236.559,451.613,688.172,172.043,365.591,387.097,516.129,408.602,1010.753,946.237,860.215,258.065,645.161
odronextamab,Bispecific_mAb,2,2,464,8.3,-0.27,48.31,0.1207,754.31,172.414,344.828,387.931,301.724,1077.586,150.862,387.931,323.276,732.759,172.414,280.172,344.828,538.793,474.138,1293.103,711.207,646.552,258.621,646.552
pamvatamig,Bispecific_mAb,2,2,459,8.69,-0.36,43.31,0.1285,675.381,174.292,413.943,239.651,348.584,849.673,43.573,348.584,457.516,610.022,152.505,152.505,457.516,784.314,326.797,1437.908,980.392,610.022,283.224,653.595
petosemtamab,Bispecific_mAb,2,2,461,7.96,-0.33,39.08,0.128,629.067,216.92,433.839,281.996,412.148,867.679,43.384,368.764,455.531,650.759,130.152,195.228,433.839,737.527,303.688,1475.054,911.063,585.683,238.612,629.067
reozalimab,Bispecific_mAb,2,2,460,8.29,-0.23,48.25,0.1022,739.13,173.913,347.826,304.348,304.348,1065.217,43.478,434.783,413.043,565.217,130.435,152.174,456.522,695.652,304.348,1652.174,782.609,717.391,195.652,521.739
rezetamig,Bispecific_mAb,2,2,455,8.64,-0.34,43.66,0.1143,703.297,175.824,285.714,395.604,263.736,1010.989,65.934,395.604,307.692,769.231,87.912,329.67,417.582,637.363,483.516,1428.571,791.209,571.429,307.692,571.429
rilvegostomig,Bispecific_mAb,2,2,465,8.63,-0.29,48.08,0.1183,709.677,172.043,365.591,322.581,322.581,989.247,107.527,322.581,258.065,817.204,129.032,279.57,473.118,645.161,537.634,1333.333,688.172,666.667,236.559,623.656
romilkimab,Bispecific_mAb,2,2,459,5.5,-0.31,46.12,0.1089,610.022,174.292,544.662,370.37,348.584,936.819,108.932,501.089,413.943,784.314,152.505,174.292,457.516,653.595,370.37,1307.19,827.887,522.876,239.651,501.089
sabestomig,Bispecific_mAb,2,2,464,8.46,-0.32,39.56,0.1315,689.655,172.414,366.379,366.379,366.379,1099.138,107.759,323.276,301.724,775.862,107.759,301.724,409.483,495.69,517.241,1314.655,732.759,603.448,215.517,732.759
simridarlimab,Bispecific_mAb,2,1,354,9.0,-0.17,39.35,0.0989,734.463,169.492,282.486,310.734,254.237,1073.446,56.497,423.729,423.729,847.458,112.994,225.989,451.977,593.22,367.232,1440.678,847.458,649.718,225.989,508.475
talquetamab,Bispecific_mAb,2,2,459,9.35,-0.34,34.78,0.1176,784.314,174.292,261.438,305.011,261.438,1023.965,43.573,196.078,435.73,740.741,152.505,413.943,392.157,610.022,479.303,1067.538,958.606,784.314,239.651,675.381
tecaginlimab,Bispecific_mAb,2,2,456,8.03,-0.26,43.29,0.1206,570.175,175.439,416.667,350.877,241.228,1118.421,65.789,460.526,438.596,679.825,175.439,219.298,328.947,548.246,372.807,1315.789,833.333,723.684,197.368,767.544
teclistamab,Bispecific_mAb,2,2,463,8.74,-0.2,36.18,0.1123,691.145,172.786,302.376,302.376,259.179,1166.307,86.393,280.778,345.572,755.94,43.197,388.769,475.162,496.76,388.769,1209.503,863.931,907.127,280.778,583.153
tepoditamab,Bispecific_mAb,2,2,450,9.12,-0.36,48.98,0.1178,600.0,177.778,377.778,222.222,333.333,933.333,44.444,355.556,444.444,600.0,177.778,177.778,444.444,800.0,400.0,1488.889,911.111,666.667,244.444,600.0
tilatamig,Bispecific_mAb,2,2,458,8.81,-0.34,39.99,0.1048,676.856,174.672,393.013,327.511,262.009,1026.201,87.336,349.345,480.349,589.52,240.175,152.838,414.847,655.022,393.013,1375.546,917.031,698.69,218.341,567.686
tobemstomig,Bispecific_mAb,2,2,459,5.08,-0.23,38.88,0.1133,544.662,174.292,566.449,326.797,348.584,1045.752,21.786,392.157,370.37,871.46,130.719,217.865,348.584,588.235,392.157,1350.763,849.673,675.381,217.865,566.449
trontinemab,Bispecific_mAb,2,2,466,9.12,-0.23,40.2,0.1137,772.532,171.674,343.348,257.511,300.429,987.124,42.918,386.266,386.266,751.073,107.296,193.133,429.185,536.481,450.644,1545.064,901.288,600.858,214.592,622.318
ubamatamab,Bispecific_mAb,2,2,457,9.12,-0.31,46.75,0.1182,547.046,175.055,393.873,240.7,371.991,1050.328,43.764,459.519,415.755,765.864,131.291,218.818,415.755,656.455,459.519,1531.729,787.746,525.164,196.937,612.691
ubletamig,Bispecific_mAb,2,2,467,8.45,-0.32,45.81,0.1285,556.745,171.306,364.026,406.852,278.373,1092.077,85.653,428.266,321.199,728.051,85.653,21.413,449.679,556.745,535.332,1456.103,856.531,599.572,256.959,749.465
vanucizumab,Bispecific_mAb,2,2,467,7.11,-0.41,40.38,0.1349,599.572,171.306,449.679,278.373,321.199,1027.837,128.48,299.786,364.026,492.505,171.306,299.786,513.919,620.985,364.026,1220.557,877.944,770.878,278.373,749.465
volrustomig,Bispecific_mAb,2,2,466,8.79,-0.34,44.59,0.1395,686.695,171.674,386.266,300.429,386.266,922.747,85.837,343.348,343.348,729.614,150.215,257.511,429.185,600.858,493.562,1351.931,772.532,579.399,236.052,772.532
vonsetamig,Bispecific_mAb,2,2,465,7.99,-0.33,47.23,0.1226,602.151,215.054,473.118,301.075,365.591,967.742,21.505,408.602,365.591,731.183,172.043,236.559,387.097,666.667,451.613,1526.882,709.677,537.634,215.054,645.161
voxalatamab,Bispecific_mAb,2,2,465,8.73,-0.28,40.85,0.1183,795.699,172.043,322.581,387.097,322.581,1096.774,43.011,215.054,344.086,881.72,86.022,387.097,387.097,516.129,494.624,1182.796,817.204,688.172,258.065,602.151
zemocimig,Bispecific_mAb,2,2,455,6.1,-0.42,42.32,0.1011,637.363,175.824,395.604,593.407,241.758,1098.901,65.934,373.626,307.692,659.341,131.868,219.78,373.626,593.407,637.363,1142.857,835.165,747.253,219.78,549.451
zenocutuzumab,Bispecific_mAb,2,2,459,9.02,-0.38,45.85,0.1307,718.954,174.292,348.584,261.438,348.584,893.246,65.359,370.37,435.73,566.449,152.505,130.719,479.303,784.314,392.157,1459.695,871.46,588.235,261.438,697.168
zeripatamig,Bispecific_mAb,2,2,452,8.29,-0.31,48.73,0.1173,641.593,176.991,420.354,331.858,331.858,1039.823,44.248,353.982,420.354,707.965,154.867,221.239,376.106,575.221,398.23,1615.044,730.088,619.469,199.115,641.593
zifibancimig,Bispecific_mAb,2,2,444,5.97,-0.44,38.09,0.1441,495.495,180.18,630.631,495.495,495.495,945.946,315.315,360.36,540.541,720.721,135.135,180.18,405.405,405.405,405.405,1081.081,630.631,630.631,270.27,675.676
zubotamig,Bispecific_mAb,2,2,458,9.17,-0.24,36.12,0.1223,676.856,174.672,327.511,262.009,414.847,1091.703,43.668,371.179,393.013,764.192,87.336,414.847,371.179,567.686,436.681,1244.541,895.197,655.022,305.677,502.183
acapatamab,Bispecific_scFv,2,2,462,8.5,-0.25,33.24,0.1299,714.286,216.45,411.255,303.03,324.675,1038.961,43.29,324.675,454.545,757.576,129.87,367.965,367.965,584.416,367.965,1060.606,800.866,757.576,259.74,714.286
bavunalimab,Bispecific_scFv,2,2,458,5.45,-0.31,45.39,0.1223,720.524,174.672,502.183,436.681,393.013,1004.367,65.502,327.511,371.179,764.192,131.004,196.507,414.847,524.017,458.515,1331.878,742.358,611.354,262.009,567.686
blinatumomab,Bispecific_scFv,2,2,459,7.97,-0.51,44.88,0.122,697.168,196.078,501.089,326.797,217.865,871.46,87.146,370.37,544.662,610.022,217.865,239.651,413.943,653.595,326.797,1372.549,893.246,457.516,283.224,718.954
brolucizumab,Bispecific_scFv,1,1,230,4.93,-0.12,31.51,0.1174,739.13,173.913,521.739,304.348,304.348,1086.957,86.957,434.783,304.348,956.522,130.435,304.348,391.304,521.739,304.348,1130.435,826.087,608.696,304.348,565.217
cabotamig,Bispecific_scFv,2,2,452,8.28,-0.32,37.76,0.1217,553.097,176.991,486.726,287.611,331.858,1039.823,0.0,376.106,420.354,774.336,132.743,309.735,353.982,597.345,420.354,1305.31,907.08,641.593,221.239,663.717
cadonilimab,Bispecific_scFv,2,2,446,8.81,-0.24,29.83,0.1166,695.067,246.637,336.323,336.323,358.744,919.283,22.422,313.901,426.009,717.489,156.951,381.166,426.009,605.381,426.009,1076.233,964.126,784.753,246.637,560.538
cizutamig,Bispecific_scFv,2,2,459,8.56,-0.4,34.63,0.1264,718.954,174.292,479.303,370.37,326.797,915.033,43.573,370.37,544.662,610.022,196.078,283.224,370.37,544.662,413.943,1176.471,893.246,631.808,261.438,675.381
cugrastomig,Bispecific_scFv,2,2,452,7.6,-0.35,37.57,0.1261,663.717,176.991,442.478,353.982,353.982,929.204,22.124,376.106,331.858,907.08,110.619,331.858,464.602,619.469,486.726,1261.062,796.46,464.602,287.611,619.469
danvilostomig,Bispecific_scFv,2,2,450,8.61,-0.2,39.53,0.1222,711.111,177.778,355.556,311.111,333.333,1133.333,22.222,400.0,333.333,822.222,111.111,266.667,377.778,600.0,444.444,1266.667,822.222,622.222,244.444,644.444
donzakimig1,Bispecific_scFv,2,2,462,6.65,-0.11,35.51,0.1169,714.286,216.45,432.9,324.675,346.32,1038.961,0.0,519.481,367.965,735.931,86.58,238.095,389.61,497.835,389.61,1363.636,822.511,692.641,281.385,541.126
duvortuxizumab,Bispecific_scFv,2,2,460,8.91,-0.29,36.04,0.1217,760.87,173.913,347.826,326.087,326.087,978.261,86.957,239.13,413.043,804.348,152.174,347.826,434.783,500.0,434.783,1043.478,1065.217,673.913,326.087,565.217
eluvixtamab,Bispecific_scFv,2,2,469,8.01,-0.41,34.25,0.1237,597.015,170.576,405.117,362.473,298.507,1087.42,42.644,255.864,469.083,660.981,149.254,405.117,447.761,575.693,341.151,1066.098,1002.132,724.947,319.829,618.337
emerfetamab,Bispecific_scFv,2,2,469,7.96,-0.39,34.5,0.1237,597.015,213.22,405.117,362.473,298.507,1066.098,42.644,255.864,469.083,660.981,149.254,405.117,447.761,554.371,341.151,1066.098,1002.132,724.947,319.829,618.337
emfizatamab1,Bispecific_scFv,2,2,460,8.62,-0.16,35.64,0.1152,695.652,173.913,413.043,304.348,369.565,1000.0,21.739,608.696,456.522,652.174,130.435,195.652,391.304,565.217,369.565,1500.0,760.87,608.696,282.609,500.0
emfizatamab2,Bispecific_scFv,2,2,459,8.25,-0.19,40.36,0.1046,806.1,217.865,457.516,239.651,305.011,1154.684,43.573,413.943,348.584,718.954,174.292,261.438,348.584,544.662,413.943,1437.908,762.527,610.022,196.078,544.662
emirodatamab,Bispecific_scFv,2,2,465,9.04,-0.27,35.36,0.114,580.645,215.054,322.581,322.581,322.581,1053.763,64.516,301.075,494.624,838.71,107.527,408.602,451.613,494.624,387.097,1075.269,1010.753,731.183,258.065,559.14
enristomig,Bispecific_scFv,2,0,232,9.26,-0.27,39.94,0.1034,862.069,172.414,172.414,603.448,301.724,1120.69,0.0,301.724,431.034,732.759,129.31,387.931,344.828,474.138,646.552,1077.586,646.552,862.069,215.517,517.241
envafolimab,Bispecific_scFv,1,0,128,9.03,-0.27,45.28,0.0859,859.375,312.5,390.625,390.625,312.5,937.5,0.0,78.125,390.625,859.375,234.375,234.375,234.375,546.875,703.125,1328.125,859.375,781.25,156.25,390.625
erfonrilimab,Bispecific_scFv,2,0,256,8.58,-0.13,41.73,0.1055,859.375,312.5,351.562,351.562,273.438,1250.0,0.0,234.375,312.5,820.312,195.312,234.375,273.438,507.812,546.875,1210.938,742.188,742.188,195.312,585.938
etevritamab,Bispecific_scFv,2,2,470,8.93,-0.32,39.37,0.117,595.745,212.766,425.532,319.149,319.149,1106.383,106.383,255.319,340.426,765.957,127.66,382.979,404.255,510.638,595.745,1021.277,808.511,851.064,255.319,595.745
flotetuzumab,Bispecific_scFv,2,2,467,8.95,-0.31,34.65,0.1263,728.051,171.306,364.026,342.612,321.199,985.011,42.827,235.546,492.505,792.291,128.48,364.026,364.026,556.745,406.852,1134.904,877.944,749.465,299.786,642.398
galvokimig1,Bispecific_scFv,2,2,463,8.01,-0.24,37.14,0.121,626.35,215.983,410.367,367.171,345.572,971.922,43.197,453.564,367.171,755.94,107.991,259.179,431.965,539.957,453.564,1295.896,842.333,647.948,302.376,561.555
gefurulimab,Bispecific_scFv,2,0,249,8.61,-0.38,39.01,0.1205,1084.337,160.643,481.928,401.606,281.124,1004.016,40.161,160.643,281.124,682.731,160.643,361.446,240.964,562.249,722.892,1124.498,522.088,803.213,240.964,682.731
givastomig,Bispecific_scFv,2,2,464,8.2,-0.41,37.24,0.1207,668.103,215.517,474.138,366.379,258.621,926.724,43.103,323.276,409.483,732.759,150.862,323.276,431.034,538.793,495.69,1336.207,732.759,625.0,215.517,732.759
gocatamig1,Bispecific_scFv,2,1,349,9.09,-0.2,37.14,0.1117,687.679,171.92,286.533,343.84,315.186,1174.785,28.653,229.226,429.799,859.599,85.96,429.799,372.493,487.106,429.799,1117.479,888.252,859.599,257.88,544.413
gocatamig2,Bispecific_scFv,1,0,117,8.03,-0.09,44.5,0.1026,769.231,170.94,427.35,341.88,85.47,940.171,0.0,341.88,341.88,940.171,170.94,256.41,256.41,427.35,512.821,1623.932,512.821,940.171,256.41,683.761
gontivimab,Bispecific_scFv,2,0,252,4.67,-0.24,22.54,0.119,873.016,158.73,515.873,357.143,238.095,1428.571,0.0,476.19,158.73,634.921,79.365,555.556,476.19,396.825,476.19,952.381,555.556,714.286,317.46,634.921
gresonitamab,Bispecific_scFv,2,2,466,9.19,-0.3,37.4,0.1223,708.155,214.592,321.888,278.97,300.429,1094.421,42.918,278.97,450.644,643.777,171.674,364.807,407.725,600.858,450.644,1008.584,944.206,793.991,278.97,643.777
imvotamab,Bispecific_scFv,2,2,460,8.85,-0.36,40.64,0.1217,586.957,173.913,434.783,282.609,304.348,956.522,65.217,413.043,543.478,586.957,195.652,152.174,521.739,630.435,347.826,1456.522,782.609,652.174,239.13,673.913
inezetamab,Bispecific_scFv,2,2,455,8.86,-0.21,42.9,0.1165,703.297,219.78,395.604,263.736,373.626,1010.989,43.956,439.56,373.626,703.297,131.868,263.736,329.67,571.429,461.538,1560.44,725.275,637.363,241.758,549.451
ingitamig,Bispecific_scFv,2,2,454,8.26,-0.2,40.49,0.1145,770.925,220.264,396.476,352.423,396.476,1057.269,22.026,352.423,352.423,770.925,132.159,176.211,462.555,572.687,462.555,1475.771,660.793,616.74,242.291,506.608
isecarosmab,Bispecific_scFv,2,0,239,8.35,-0.26,48.26,0.1004,669.456,167.364,418.41,460.251,334.728,1087.866,0.0,251.046,251.046,836.82,167.364,292.887,292.887,418.41,711.297,1506.276,669.456,794.979,167.364,502.092
istiratumab,Bispecific_scFv,2,2,459,8.06,-0.31,40.37,0.1176,740.741,174.292,501.089,239.651,326.797,1176.471,43.573,326.797,348.584,784.314,130.719,261.438,392.157,697.168,435.73,1241.83,718.954,610.022,261.438,588.235
itanistomig,Bispecific_scFv,2,2,457,8.83,-0.29,39.02,0.1138,568.928,175.055,350.109,371.991,415.755,984.683,109.409,459.519,481.4,612.691,175.055,218.818,503.282,656.455,393.873,1291.028,809.628,700.219,218.818,503.282
ivonescimab,Bispecific_scFv,2,2,455,8.05,-0.34,40.77,0.1385,615.385,175.824,439.56,307.692,417.582,989.011,65.934,285.714,373.626,747.253,175.824,285.714,417.582,593.407,417.582,1296.703,835.165,593.407,263.736,703.297
izalontamab,Bispecific_scFv,2,2,455,8.05,-0.3,43.99,0.1143,505.495,175.824,483.516,241.758,351.648,1054.945,87.912,461.538,351.648,725.275,87.912,417.582,351.648,571.429,417.582,1560.44,681.319,681.319,241.758,549.451
izuralimab,Bispecific_scFv,2,2,461,8.79,-0.38,42.82,0.1323,585.683,173.536,390.456,347.072,368.764,1041.215,108.46,325.38,390.456,585.683,173.536,260.304,368.764,629.067,498.915,1171.367,867.679,759.219,238.612,715.835
ledostomig,Bispecific_scFv,2,2,459,8.25,-0.37,38.89,0.1264,631.808,174.292,435.73,348.584,348.584,958.606,21.786,283.224,435.73,762.527,174.292,326.797,370.37,653.595,413.943,1307.19,784.314,653.595,196.078,718.954
lofacimig,Bispecific_scFv,2,0,255,4.59,-0.37,37.73,0.1176,901.961,313.725,509.804,470.588,196.078,1098.039,39.216,156.863,274.51,666.667,196.078,313.725,156.863,588.235,352.941,1333.333,823.529,627.451,235.294,745.098
lorigerlimab,Bispecific_scFv,2,2,456,8.05,-0.32,44.91,0.1184,614.035,175.439,350.877,460.526,438.596,964.912,109.649,307.018,416.667,701.754,131.579,175.439,482.456,614.035,438.596,1381.579,789.474,701.754,263.158,482.456
mipletamig,Bispecific_scFv,2,2,465,8.77,-0.43,44.03,0.1204,580.645,172.043,451.613,301.075,301.075,924.731,64.516,322.581,516.129,602.151,193.548,279.57,473.118,580.645,387.097,1483.871,795.699,666.667,236.559,666.667
nebratamig1,Bispecific_scFv,2,2,453,8.45,-0.27,42.18,0.1038,728.477,176.6,463.576,264.901,242.826,1169.978,66.225,419.426,397.351,662.252,176.6,286.976,353.201,507.726,419.426,1434.879,772.627,662.252,176.6,618.102
nebratamig2,Bispecific_scFv,2,2,467,6.25,-0.19,38.8,0.1071,706.638,171.306,492.505,299.786,321.199,1156.317,42.827,513.919,364.026,749.465,128.48,342.612,299.786,492.505,406.852,1306.21,835.118,620.985,214.133,535.332
nivatrotamab,Bispecific_scFv,2,2,448,8.92,-0.38,42.73,0.1295,513.393,223.214,401.786,245.536,379.464,937.5,89.286,401.786,357.143,535.714,178.571,334.821,424.107,691.964,491.071,1316.964,848.214,714.286,245.536,669.643
obertamig,Bispecific_scFv,2,2,468,9.13,-0.38,46.38,0.109,534.188,170.94,384.615,213.675,235.043,811.966,85.47,384.615,384.615,811.966,21.368,384.615,491.453,705.128,448.718,1538.462,833.333,705.128,277.778,576.923
obrindatamab,Bispecific_scFv,2,2,463,8.89,-0.31,36.09,0.1296,755.94,172.786,388.769,302.376,367.171,1079.914,43.197,280.778,388.769,734.341,86.393,410.367,345.572,539.957,475.162,1144.708,842.333,712.743,259.179,669.546
ompekimig1,Bispecific_scFv,2,2,461,5.46,-0.39,43.48,0.115,520.607,173.536,520.607,433.839,390.456,911.063,65.076,325.38,433.839,759.219,151.844,281.996,477.223,520.607,412.148,1323.21,911.063,629.067,260.304,498.915
opamistomig,Bispecific_scFv,2,2,461,8.79,-0.35,40.09,0.1323,477.223,216.92,368.764,260.304,303.688,997.831,65.076,325.38,433.839,629.067,108.46,281.996,368.764,629.067,368.764,1561.822,824.295,759.219,216.92,802.603
opugotamig,Bispecific_scFv,2,2,455,7.99,-0.31,47.17,0.1099,593.407,219.78,373.626,417.582,373.626,923.077,153.846,395.604,439.56,725.275,197.802,219.78,417.582,659.341,395.604,1384.615,747.253,637.363,197.802,527.473
ozoralizumab,Bispecific_scFv,2,0,230,8.68,-0.21,47.42,0.1,521.739,173.913,347.826,391.304,347.826,1173.913,0.0,260.87,304.348,913.043,173.913,391.304,347.826,434.783,565.217,1478.261,739.13,782.609,217.391,434.783
pacanalotamab,Bispecific_scFv,2,2,462,8.57,-0.36,31.74,0.1234,627.706,173.16,367.965,346.32,281.385,1060.606,108.225,303.03,454.545,692.641,129.87,389.61,432.9,584.416,367.965,1017.316,952.381,757.576,259.74,692.641
pasotuxizumab,Bispecific_scFv,2,2,462,8.67,-0.29,33.11,0.132,714.286,173.16,411.255,303.03,324.675,1082.251,43.29,303.03,454.545,735.931,129.87,367.965,389.61,541.126,389.61,1103.896,800.866,735.931,238.095,757.576
pasritamig,Bispecific_scFv,2,2,455,8.9,-0.24,40.45,0.1253,527.473,175.824,329.67,285.714,395.604,1032.967,21.978,505.495,439.56,681.319,109.89,219.78,461.538,615.385,351.648,1494.505,901.099,593.407,241.758,615.385
pavurutamab,Bispecific_scFv,2,2,462,8.51,-0.34,31.99,0.1234,627.706,216.45,367.965,346.32,281.385,1038.961,108.225,303.03,454.545,692.641,129.87,389.61,432.9,562.771,367.965,1017.316,952.381,757.576,259.74,692.641
plamotamab,Bispecific_scFv,2,2,464,9.1,-0.29,38.02,0.1207,732.759,172.414,301.724,301.724,301.724,1120.69,86.207,280.172,452.586,625.0,107.759,344.828,452.586,517.241,387.931,1206.897,883.621,818.966,280.172,625.0
podentamig1,Bispecific_scFv,2,0,234,8.87,-0.23,43.15,0.0983,598.291,170.94,341.88,341.88,256.41,1111.111,85.47,341.88,341.88,854.701,128.205,384.615,384.615,512.821,512.821,1367.521,726.496,811.966,213.675,512.821
podentamig2,Bispecific_scFv,1,1,234,9.09,-0.26,33.32,0.1239,769.231,170.94,256.41,341.88,299.145,1153.846,42.735,213.675,470.085,811.966,42.735,512.821,427.35,512.821,384.615,854.701,940.171,854.701,299.145,641.026
ragistomig,Bispecific_scFv,2,2,457,7.63,-0.31,41.7,0.116,656.455,218.818,503.282,306.346,284.464,962.801,43.764,371.991,328.228,765.864,131.291,218.818,415.755,547.046,503.282,1466.083,787.746,612.691,240.7,634.573
ramantamig1,Bispecific_scFv,2,2,461,9.25,-0.27,42.83,0.0976,455.531,173.536,390.456,238.612,303.688,780.911,108.46,368.764,390.456,889.371,108.46,281.996,520.607,629.067,498.915,1431.67,997.831,759.219,216.92,455.531
silevimig,Bispecific_scFv,2,2,464,8.0,-0.38,41.45,0.1099,646.552,193.966,517.241,280.172,344.828,1142.241,43.103,366.379,409.483,625.0,129.31,280.172,431.034,646.552,431.034,1271.552,840.517,646.552,193.966,560.345
solitomab,Bispecific_scFv,2,2,458,8.0,-0.46,41.11,0.1223,655.022,196.507,436.681,436.681,262.009,873.362,87.336,305.677,567.686,698.69,152.838,283.843,414.847,524.017,349.345,1244.541,960.699,589.52,283.843,676.856
surovatamig,Bispecific_scFv,2,1,346,8.45,-0.27,39.94,0.1185,809.249,173.41,404.624,404.624,346.821,1127.168,28.902,289.017,346.821,780.347,144.509,260.116,289.017,578.035,549.133,1358.382,578.035,693.642,289.017,549.133
tarlatamab,Bispecific_scFv,1,1,226,8.49,-0.22,33.47,0.1239,486.726,265.487,309.735,353.982,309.735,884.956,0.0,442.478,309.735,884.956,0.0,265.487,530.973,575.221,486.726,1371.681,929.204,663.717,221.239,707.965
tarperprumig,Bispecific_scFv,2,0,242,9.1,-0.3,35.71,0.1033,950.413,165.289,371.901,454.545,247.934,950.413,82.645,289.256,454.545,785.124,123.967,371.901,289.256,537.19,619.835,1074.38,578.512,867.769,206.612,578.512
tebentafusp,Bispecific_scFv,1,1,229,8.78,-0.4,30.34,0.131,567.686,174.672,436.681,305.677,305.677,1004.367,0.0,349.345,480.349,742.358,131.004,349.345,393.013,655.022,436.681,1179.039,829.694,655.022,262.009,742.358
tebotelimab,Bispecific_scFv,2,2,455,5.73,-0.39,38.73,0.1209,615.385,175.824,483.516,439.56,395.604,857.143,87.912,307.692,483.516,549.451,197.802,175.824,461.538,637.363,351.648,1296.703,923.077,747.253,241.758,571.429
tibulizumab,Bispecific_scFv,2,2,461,8.81,-0.33,35.4,0.1258,520.607,216.92,347.072,368.764,303.688,911.063,130.152,412.148,412.148,759.219,65.076,195.228,455.531,607.375,477.223,1279.826,889.371,694.143,238.612,715.835
tidutamab,Bispecific_scFv,2,2,468,8.59,-0.28,39.99,0.1282,747.863,170.94,448.718,320.513,341.88,1089.744,42.735,256.41,405.983,811.966,128.205,384.615,363.248,470.085,470.085,1175.214,705.128,726.496,277.778,662.393
tixentamig,Bispecific_scFv,2,1,355,9.01,-0.25,37.36,0.1155,788.732,169.014,366.197,338.028,309.859,1098.592,84.507,225.352,366.197,816.901,112.676,394.366,309.859,450.704,535.211,1070.423,901.408,816.901,309.859,535.211
trevotamig,Bispecific_scFv,2,2,457,8.83,-0.36,39.18,0.1247,700.219,175.055,371.991,328.228,328.228,1028.446,109.409,284.464,393.873,722.101,131.291,393.873,328.228,525.164,459.519,1225.383,919.037,656.455,328.228,590.81
umizortamig1,Bispecific_scFv,2,2,455,6.25,-0.23,38.86,0.1187,527.473,175.824,439.56,329.67,395.604,989.011,43.956,571.429,373.626,725.275,131.868,373.626,351.648,527.473,373.626,1450.549,857.143,571.429,263.736,527.473
umizortamig2,Bispecific_scFv,2,2,465,6.81,-0.16,41.58,0.1204,838.71,258.065,473.118,258.065,387.097,1075.269,21.505,408.602,365.591,774.194,150.538,279.57,301.075,537.634,365.591,1462.366,709.677,516.129,236.559,580.645
velaprumig,Bispecific_scFv,2,2,457,8.72,-0.31,43.77,0.1094,743.982,175.055,350.109,393.873,328.228,940.919,65.646,350.109,459.519,743.982,175.055,240.7,459.519,612.691,415.755,1356.674,809.628,612.691,196.937,568.928
vepsitamab,Bispecific_scFv,2,2,460,8.95,-0.3,28.6,0.1217,673.913,217.391,347.826,282.609,282.609,1086.957,21.739,239.13,521.739,782.609,65.217,391.304,456.522,565.217,326.087,1152.174,891.304,760.87,326.087,608.696
vibecotamab,Bispecific_scFv,2,2,470,9.06,-0.36,37.22,0.1234,723.404,170.213,361.702,340.426,319.149,1042.553,85.106,212.766,553.191,765.957,127.66,361.702,382.979,531.915,382.979,1127.66,872.34,723.404,276.596,638.298
vixtimotamab,Bispecific_scFv,2,2,467,8.99,-0.35,37.87,0.1092,685.225,171.306,428.266,256.959,278.373,1049.251,21.413,299.786,428.266,642.398,171.306,449.679,385.439,556.745,449.679,1284.797,856.531,770.878,278.373,535.332
vobarilizumab,Bispecific_scFv,2,0,236,8.67,-0.14,45.28,0.0932,635.593,169.492,381.356,381.356,296.61,1228.814,0.0,338.983,296.61,889.831,169.492,296.61,254.237,423.729,593.22,1483.051,720.339,805.085,169.492,466.102
vudalimab,Bispecific_scFv,2,2,455,8.6,-0.34,41.79,0.1341,571.429,175.824,351.648,439.56,417.582,1120.879,65.934,285.714,351.648,769.231,87.912,307.692,395.604,505.495,549.451,1186.813,791.209,703.297,241.758,681.319
xaluritamig,Bispecific_scFv,2,2,461,8.91,-0.3,42.44,0.1258,715.835,173.536,281.996,412.148,368.764,1106.291,65.076,238.612,368.764,737.527,108.46,281.996,412.148,542.299,498.915,1171.367,889.371,737.527,281.996,607.375
xirestomig,Bispecific_scFv,2,2,462,8.04,-0.27,37.96,0.1017,714.286,173.16,367.965,303.03,259.74,1190.476,21.645,367.965,367.965,627.706,151.515,324.675,411.255,606.061,346.32,1536.797,757.576,714.286,216.45,541.126
abciximab,Other_Formats,1,1,225,5.92,-0.25,43.3,0.1289,488.889,177.778,311.111,444.444,400.0,888.889,133.333,400.0,400.0,711.111,222.222,311.111,355.556,577.778,266.667,1377.778,977.778,666.667,266.667,622.222
acimtamig,Other_Formats,2,2,456,8.43,-0.44,38.71,0.1294,592.105,175.439,372.807,307.018,307.018,964.912,131.579,307.018,416.667,504.386,197.368,372.807,372.807,701.754,350.877,1206.14,986.842,745.614,219.298,767.544
brivekimig1,Other_Formats,2,0,248,9.17,-0.28,45.23,0.1048,967.742,161.29,362.903,443.548,322.581,1129.032,0.0,241.935,322.581,564.516,80.645,241.935,241.935,403.226,725.806,1370.968,806.452,887.097,241.935,483.871
brivekimig2,Other_Formats,1,0,115,8.74,-0.2,55.71,0.087,434.783,173.913,347.826,347.826,347.826,1304.348,0.0,260.87,260.87,869.565,173.913,260.87,347.826,434.783,608.696,1826.087,695.652,782.609,173.913,347.826
caplacizumab,Other_Formats,1,0,128,9.07,-0.35,40.05,0.1016,937.5,156.25,312.5,546.875,312.5,1250.0,0.0,156.25,156.25,625.0,234.375,234.375,390.625,468.75,937.5,1015.625,703.125,859.375,156.25,546.875
certolizumab,Other_Formats,1,1,225,7.83,-0.23,32.2,0.1378,711.111,177.778,400.0,311.111,355.556,1066.667,0.0,400.0,400.0,666.667,222.222,266.667,400.0,622.222,355.556,1155.556,800.0,666.667,222.222,800.0
clesitamig,Other_Formats,2,2,469,7.15,-0.25,35.66,0.1279,660.981,170.576,405.117,341.151,362.473,980.81,149.254,362.473,405.117,724.947,106.61,213.22,469.083,618.337,341.151,1172.708,852.878,746.269,234.542,682.303
idarucizumab,Other_Formats,1,1,234,8.58,-0.12,41.24,0.1239,470.085,170.94,427.35,256.41,341.88,982.906,85.47,384.615,470.085,940.171,42.735,128.205,470.085,512.821,341.88,1410.256,854.701,811.966,213.675,683.761
lunsekimig1,Other_Formats,2,0,249,8.59,-0.34,37.69,0.1325,642.57,160.643,401.606,361.446,401.606,1204.819,40.161,120.482,321.285,763.052,160.643,401.606,321.285,441.767,562.249,1285.141,682.731,803.213,200.803,722.892
lunsekimig2,Other_Formats,2,0,232,5.57,-0.16,50.25,0.0905,517.241,172.414,344.828,474.138,301.724,1336.207,0.0,431.034,172.414,818.966,172.414,387.931,215.517,431.034,603.448,1508.621,732.759,775.862,172.414,431.034
lunsekimig3,Other_Formats,1,0,127,4.42,-0.41,43.84,0.126,551.181,314.961,866.142,551.181,472.441,1102.362,78.74,314.961,236.22,551.181,78.74,393.701,314.961,393.701,551.181,1023.622,551.181,866.142,157.48,629.921
moxetumomab,Other_Formats,1,1,229,5.91,-0.2,29.27,0.1266,524.017,262.009,436.681,349.345,349.345,1048.035,131.004,436.681,393.013,873.362,174.672,262.009,262.009,524.017,305.677,1266.376,960.699,524.017,262.009,655.022
ranibizumab,Other_Formats,1,1,230,6.34,-0.33,37.07,0.1522,565.217,173.913,434.783,304.348,434.783,956.522,130.435,304.348,391.304,695.652,86.957,217.391,434.783,608.696,304.348,1260.87,956.522,652.174,304.348,782.609
sonelokimab1,Other_Formats,2,0,238,7.79,-0.22,49.2,0.1092,546.218,168.067,336.134,504.202,420.168,1260.504,0.0,294.118,252.101,840.336,126.05,252.101,252.101,462.185,630.252,1554.622,672.269,756.303,168.067,504.202
sonelokimab2,Other_Formats,1,0,122,5.04,-0.48,41.79,0.1148,819.672,163.934,655.738,491.803,163.934,1147.541,0.0,163.934,245.902,819.672,163.934,409.836,245.902,409.836,737.705,983.607,655.738,737.705,245.902,737.705
tilrekimig1,Other_Formats,2,2,461,5.46,-0.39,43.48,0.115,520.607,173.536,520.607,433.839,390.456,911.063,65.076,325.38,433.839,759.219,151.844,281.996,477.223,520.607,412.148,1323.21,911.063,629.067,260.304,498.915
tilrekimig2,Other_Formats,1,1,230,8.33,-0.38,37.05,0.113,695.652,173.913,521.739,304.348,260.87,1043.478,217.391,260.87,391.304,608.696,173.913,347.826,434.783,565.217,521.739,1000.0,652.174,956.522,347.826,521.739
