Therapeutic,Ch_A_Hydro_Clusters,Ch_A_Largest_Hydro_Cluster_Size,Ch_A_Largest_Hydro_Cluster_SASA,Ch_A_Aromatic_Clusters,Ch_A_Largest_Aromatic_Size,Ch_A_Dipole_Moment,Ch_A_Charge_Patches,Ch_B_Hydro_Clusters,Ch_B_Largest_Hydro_Cluster_Size,Ch_B_Largest_Hydro_Cluster_SASA,Ch_B_Aromatic_Clusters,Ch_B_Largest_Aromatic_Size,Ch_B_Dipole_Moment,Ch_B_Charge_Patches,Ch_C_Hydro_Clusters,Ch_C_Largest_Hydro_Cluster_Size,Ch_C_Largest_Hydro_Cluster_SASA,Ch_C_Aromatic_Clusters,Ch_C_Largest_Aromatic_Size,Ch_C_Dipole_Moment,Ch_C_Charge_Patches,Ch_D_Hydro_Clusters,Ch_D_Largest_Hydro_Cluster_Size,Ch_D_Largest_Hydro_Cluster_SASA,Ch_D_Aromatic_Clusters,Ch_D_Largest_Aromatic_Size,Ch_D_Dipole_Moment,Ch_D_Charge_Patches,Total_Hydro_Clusters,Total_Aromatic_Clusters,Max_Dipole_Moment,Total_Charge_Patches,Aggregation_Risk_Score,Risk_Category
Zolbetuximab,1,149,0,1,42,583.44,13,1,73,0,1,19,81.27,4,1,149,0,1,42,583.44,13,1,73,0,1,19,81.27,4,4,4,583.44,34,100,HIGH
Zimberelimab,1,148,0,1,44,661.91,10,1,72,0,1,20,280.28,1,1,148,0,1,44,661.91,10,1,72,0,1,20,280.28,1,4,4,661.91,22,100,HIGH
Abelacimab,1,158,0,1,44,789.85,2,1,70,0,1,18,57.06,2,1,158,0,1,44,789.85,2,1,70,0,1,18,57.06,2,4,4,789.85,8,100,HIGH
Actoxumab,1,159,0,1,42,344.19,11,1,73,0,1,21,297.19,2,1,159,0,1,42,344.19,11,1,73,0,1,21,297.19,2,4,4,344.19,26,100,HIGH
Zigakibart,1,152,0,1,45,1129,11,1,71,0,1,20,83.85,2,1,152,0,1,45,1129,11,1,71,0,1,20,83.85,2,4,4,1129,26,100,HIGH
Adebrelimab,1,143,0,1,42,1182.86,5,1,74,0,1,18,372.44,3,1,143,0,1,42,1182.86,5,1,74,0,1,18,372.45,3,4,4,1182.86,16,100,HIGH
Aducanumab,1,158,0,1,43,757.28,1,1,71,0,1,19,140.61,2,1,158,0,1,43,757.28,1,1,71,0,1,19,140.61,2,4,4,757.28,6,100,HIGH
Afimkibart,1,156,0,1,43,397.28,1,1,74,0,1,21,163.25,3,1,156,0,1,43,397.29,1,1,74,0,1,21,163.25,3,4,4,397.29,8,100,HIGH
Alemtuzumab,1,153,0,1,42,349.64,3,1,69,0,1,19,201.25,0,1,153,0,1,42,349.64,3,1,69,0,1,19,201.25,0,4,4,349.64,6,100,HIGH
Tanezumab,1,147,0,1,42,579.36,11,1,69,0,1,21,123.51,1,1,147,0,1,42,579.36,11,1,69,0,1,21,123.51,1,4,4,579.36,24,100,HIGH
Tarcocimab,1,160,0,1,49,274.81,5,1,71,0,1,22,306.78,8,1,160,0,1,49,274.81,5,1,71,0,1,22,306.78,8,4,4,306.78,26,100,HIGH
Telikibart,1,157,0,1,42,164.85,18,1,77,0,1,23,336.93,7,1,157,0,1,42,164.85,18,1,77,0,1,23,336.93,7,4,4,336.93,50,100,HIGH
Teplizumab,1,150,0,1,44,592.44,1,1,69,0,1,22,125.13,2,1,150,0,1,44,592.44,1,1,69,0,1,22,125.13,2,4,4,592.44,6,100,HIGH
Teprotumumab,1,156,0,1,43,566.45,0,1,73,0,1,21,133.65,3,1,156,0,1,43,566.45,0,1,73,0,1,21,133.65,3,4,4,566.45,6,100,HIGH
Tezepelumab,1,149,0,1,41,1179.55,7,1,70,0,1,17,168.12,2,1,149,0,1,41,1179.55,7,1,70,0,1,17,168.12,2,4,4,1179.55,18,100,HIGH
Tifcemalimab,1,147,0,1,41,1752.33,17,1,72,0,1,22,258.19,4,1,147,0,1,41,1752.33,17,1,72,0,1,22,258.19,4,4,4,1752.33,42,100,HIGH
Tildrakizumab,1,155,0,1,42,957.13,6,1,73,0,1,22,167.74,3,1,155,0,1,42,957.13,6,1,73,0,1,22,167.74,3,4,4,957.13,18,100,HIGH
Suptavumab,1,160,0,1,45,379.45,8,1,76,0,1,20,252.53,6,1,160,0,1,45,379.45,8,1,76,0,1,20,252.53,6,4,4,379.45,28,100,HIGH
Sutimlimab,1,150,0,1,43,500.43,6,1,73,0,1,21,194.88,0,1,150,0,1,43,500.43,6,1,73,0,1,21,194.88,0,4,4,500.43,12,100,HIGH
Suvemcitug,1,158,0,1,39,747.34,12,1,70,0,1,19,215.14,3,1,158,0,1,39,747.34,12,1,70,0,1,19,215.14,3,4,4,747.34,30,100,HIGH
Suvratoxumab,1,153,0,1,41,583.35,1,1,73,0,1,20,142.99,2,1,153,0,1,41,583.35,1,1,73,0,1,20,142.99,2,4,4,583.35,6,100,HIGH
Tabalumab,1,152,0,1,49,554.65,8,1,72,0,1,19,253.49,1,1,152,0,1,49,554.65,8,1,72,0,1,19,253.49,1,4,4,554.65,18,100,HIGH
Tafasitamab,1,156,0,1,45,750.63,13,1,75,0,1,20,143.59,0,1,156,0,1,45,750.63,13,1,75,0,1,20,143.59,0,4,4,750.63,26,100,HIGH
Tafolecimab,1,145,0,1,41,820.92,9,1,74,0,1,21,172.19,0,1,145,0,1,41,820.92,9,1,74,0,1,21,172.19,0,4,4,820.92,18,100,HIGH
Tagitanlimab,1,151,0,1,39,1040.5,8,1,69,0,1,18,97.97,3,1,151,0,1,39,1040.5,8,1,69,0,1,18,97.97,3,4,4,1040.5,22,100,HIGH
Siltuximab,1,156,0,1,45,593.97,8,1,76,0,1,21,76.44,0,1,156,0,1,45,593.97,8,1,76,0,1,21,76.44,0,4,4,593.97,16,100,HIGH
Sintilimab,1,147,0,1,40,434.18,3,1,72,0,1,19,122,3,1,147,0,1,40,434.18,3,1,72,0,1,19,122,3,4,4,434.18,12,100,HIGH
Socazolimab,1,155,0,1,41,748.37,3,1,72,0,1,17,73.17,0,1,155,0,1,41,748.37,3,1,72,0,1,17,73.17,0,4,4,748.37,6,100,HIGH
Solanezumab,1,152,0,1,38,929.56,10,1,75,0,1,21,67.64,4,1,152,0,1,38,929.57,10,1,75,0,1,21,67.64,4,4,4,929.57,28,100,HIGH
Spesolimab,1,154,0,1,43,1108,14,1,69,0,1,19,264.86,4,1,154,0,1,43,1108,14,1,69,0,1,19,264.86,4,4,4,1108,36,100,HIGH
Stapokibart,1,149,0,1,41,1363.72,0,1,70,0,1,20,204.57,3,1,149,0,1,41,1363.72,0,1,70,0,1,20,204.57,3,4,4,1363.72,6,100,HIGH
Sugemalimab,1,148,0,1,45,1047.78,11,1,71,0,1,16,173.71,2,1,148,0,1,45,1047.78,11,1,71,0,1,16,173.71,2,4,4,1047.78,26,100,HIGH
Semzuvolimab,1,153,0,1,41,1305.65,25,1,75,0,1,20,308.88,2,1,153,0,1,41,1305.66,25,1,75,0,1,20,308.88,2,4,4,1305.66,54,100,HIGH
Seniprutug,1,156,0,1,44,663.29,7,1,69,0,1,20,133.76,1,1,156,0,1,44,663.29,7,1,69,0,1,20,133.76,1,4,4,663.29,16,100,HIGH
Serplulimab,1,148,0,1,44,652.55,10,1,72,0,1,21,160.22,3,1,148,0,1,44,652.55,10,1,72,0,1,21,160.22,3,4,4,652.55,26,100,HIGH
Setrusumab,1,145,0,1,43,1419.43,10,1,72,0,1,17,108.6,2,1,145,0,1,43,1419.43,10,1,72,0,1,17,108.6,2,4,4,1419.43,24,100,HIGH
Sibeprenlimab,1,150,0,1,43,564.74,5,1,73,0,1,20,296.85,3,1,150,0,1,43,564.74,5,1,73,0,1,20,296.85,3,4,4,564.74,16,100,HIGH
Sigvotatug,1,152,0,1,42,656.68,4,1,72,0,1,20,195.07,3,1,152,0,1,42,656.69,4,1,72,0,1,20,195.07,3,4,4,656.69,14,100,HIGH
Siltartoxatug,1,151,0,1,38,984.12,12,1,74,0,1,22,89.02,4,1,151,0,1,38,984.12,12,1,74,0,1,22,89.02,4,4,4,984.12,32,100,HIGH
Delpacibart,1,153,0,1,40,846.87,8,1,72,0,1,21,157.55,6,1,153,0,1,40,846.87,8,1,72,0,1,21,157.55,6,4,4,846.87,28,100,HIGH
Denosumab,1,146,0,1,41,1138.04,11,1,70,0,1,19,197,3,1,146,0,1,41,1138.04,11,1,70,0,1,19,197,3,4,4,1138.04,28,100,HIGH
Derlotuximab,1,153,0,1,42,474.43,4,1,74,0,1,21,65.48,2,1,153,0,1,42,474.43,4,1,74,0,1,21,65.48,2,4,4,474.43,12,100,HIGH
Dinutuximab,1,150,0,1,40,1105.59,15,1,71,0,1,18,170.64,1,1,150,0,1,40,1105.59,15,1,71,0,1,18,170.64,1,4,4,1105.59,32,100,HIGH
Disitamab,1,152,0,1,42,632.68,1,2,68,0,1,19,113.5,3,1,152,0,1,42,632.68,1,2,68,0,1,19,113.5,3,6,4,632.68,8,100,HIGH
Divozilimab,1,155,0,1,44,516.05,3,1,72,0,1,20,73.89,0,1,155,0,1,44,516.06,3,1,72,0,1,20,73.89,0,4,4,516.06,6,100,HIGH
Domvanalimab,1,160,0,1,42,415.73,8,1,70,0,1,21,125.09,2,1,160,0,1,42,415.73,8,1,70,0,1,21,125.09,2,4,4,415.73,20,100,HIGH
Concizumab,1,147,0,1,42,944.9,13,1,75,0,1,19,90.2,2,1,147,0,1,42,944.9,13,1,75,0,1,19,90.2,2,4,4,944.9,30,100,HIGH
Cosibelimab,1,156,0,1,38,394.13,14,1,67,0,1,18,71.06,2,1,156,0,1,38,394.13,14,1,67,0,1,18,71.06,2,4,4,394.13,32,100,HIGH
Crizanlizumab,1,145,0,1,42,1593.87,16,1,71,0,1,20,206.51,0,1,145,0,1,42,1593.87,16,1,71,0,1,20,206.51,0,4,4,1593.87,32,100,HIGH
Crovalimab,1,158,0,2,36,771.5,17,1,69,0,1,19,218.88,2,1,158,0,2,36,771.5,17,1,69,0,1,19,218.88,2,4,6,771.5,38,100,HIGH
Daclizumab,1,151,0,1,42,738.51,1,1,70,0,1,19,71.15,3,1,151,0,1,42,738.51,1,1,70,0,1,19,71.15,3,4,4,738.51,8,100,HIGH
Datopotamab,1,156,0,1,43,905.41,2,1,73,0,1,21,157.26,5,1,156,0,1,43,905.41,2,1,73,0,1,21,157.26,5,4,4,905.41,14,100,HIGH
Dazukibart,1,154,0,1,45,673.84,6,1,71,0,1,20,138.42,1,1,154,0,1,45,673.85,6,1,71,0,1,20,138.42,1,4,4,673.85,14,100,HIGH
Cemiplimab,1,147,0,1,44,780.25,6,1,72,0,1,20,180.72,9,1,147,0,1,44,780.25,6,1,72,0,1,20,180.72,9,4,4,780.25,30,100,HIGH
Cendakimab,1,157,0,1,41,348.32,18,1,70,0,1,19,281.27,5,1,157,0,1,41,348.32,18,1,70,0,1,19,281.27,5,4,4,348.32,46,100,HIGH
Cetrelimab,1,151,0,1,40,974.26,10,1,75,0,1,21,89.9,5,1,151,0,1,40,974.26,10,1,75,0,1,21,89.9,5,4,4,974.26,30,100,HIGH
Cetuximab,1,154,0,1,44,723.84,1,1,70,0,1,19,199.45,4,1,154,0,1,44,723.84,1,1,70,0,1,19,199.45,4,4,4,723.84,10,100,HIGH
Cilgavimab,1,157,0,1,42,1612.55,3,1,77,0,1,22,161.21,5,1,157,0,1,42,1612.55,3,1,77,0,1,22,161.21,5,4,4,1612.55,16,100,HIGH
Clazakizumab,1,157,0,1,39,974.04,28,1,73,0,1,18,86.41,2,1,157,0,1,39,974.04,28,1,73,0,1,18,86.41,2,4,4,974.04,60,100,HIGH
Cobolimab,1,142,0,1,40,740.84,24,1,71,0,1,16,285.8,7,1,142,0,1,40,740.84,24,1,71,0,1,16,285.8,7,4,4,740.84,62,100,HIGH
Comekibart,1,153,0,1,43,1111.97,8,1,72,0,1,20,67.71,5,1,153,0,1,43,1111.97,8,1,72,0,1,20,67.71,5,4,4,1111.97,26,100,HIGH
Bococizumab,1,142,0,1,40,874.6,10,1,73,0,1,22,92.64,1,1,142,0,1,40,874.6,10,1,73,0,1,22,92.64,1,4,4,874.6,22,100,HIGH
Brazikumab,1,150,0,1,45,1375.52,11,1,71,0,1,18,74.1,3,1,150,0,1,45,1375.52,11,1,71,0,1,18,74.1,3,4,4,1375.52,28,100,HIGH
Bremzalerbart,1,145,0,1,44,537.88,4,1,73,0,1,21,137.89,7,1,145,0,1,44,537.88,4,1,73,0,1,21,137.89,7,4,4,537.88,22,100,HIGH
Brentuximab,1,154,0,1,46,1153.97,4,1,74,0,1,20,422,3,1,154,0,1,46,1153.97,4,1,74,0,1,20,422,3,4,4,1153.97,14,100,HIGH
Brodalumab,1,144,0,1,42,2044.95,25,1,73,0,1,20,262.32,7,1,144,0,1,42,2044.94,25,1,73,0,1,20,262.32,7,4,4,2044.95,64,100,HIGH
Camrelizumab,1,149,0,1,44,452.49,13,1,74,0,1,21,312.46,2,1,149,0,1,44,452.49,13,1,74,0,1,21,312.46,2,4,4,452.49,30,100,HIGH
Fasinumab,1,145,0,1,40,1658.95,21,1,72,0,1,21,495.24,7,1,145,0,1,40,1658.95,21,1,72,0,1,21,495.24,7,4,4,1658.95,56,100,HIGH
Feladilimab,1,146,0,1,45,1182.6,6,1,74,0,1,22,93.83,2,1,146,0,1,45,1182.6,6,1,74,0,1,22,93.83,2,4,4,1182.6,16,100,HIGH
Felzartamab,1,157,0,1,43,629.68,7,1,72,0,1,19,159.35,5,1,157,0,1,43,629.68,7,1,72,0,1,19,159.35,5,4,4,629.68,24,100,HIGH
Fianlimab,1,151,0,1,45,1085.1,18,1,73,0,1,18,170.85,4,1,151,0,1,45,1085.1,18,1,73,0,1,18,170.85,4,4,4,1085.1,44,100,HIGH
Ficlatuzumab,1,152,0,1,42,894.19,8,1,73,0,1,20,170.75,5,1,152,0,1,42,894.19,8,1,73,0,1,20,170.75,5,4,4,894.19,26,100,HIGH
Finotonlimab,1,147,0,1,44,1646.37,17,1,73,0,1,19,288.49,5,1,147,0,1,44,1646.37,17,1,73,0,1,19,288.49,5,4,4,1646.37,44,100,HIGH
Fremanezumab,1,153,0,1,43,1402.66,18,1,75,0,1,23,102.23,3,1,153,0,1,43,1402.66,18,1,75,0,1,23,102.23,3,4,4,1402.66,42,100,HIGH
Freneslerbart,1,151,0,1,42,1348.94,6,1,73,0,1,18,206.69,4,1,151,0,1,42,1348.94,6,1,73,0,1,18,206.69,4,4,4,1348.94,20,100,HIGH
Eptinezumab,1,155,0,1,39,592.1,21,1,72,0,1,19,277.93,5,1,155,0,1,39,592.1,21,1,72,0,1,19,277.93,5,4,4,592.1,52,100,HIGH
Erenumab,1,153,0,1,46,862.53,12,1,70,0,1,17,93.13,0,1,153,0,1,46,862.53,12,1,70,0,1,17,93.13,0,4,4,862.53,24,100,HIGH
Ersodetug,1,147,0,2,39,1430.06,11,1,73,0,1,21,173.56,3,1,147,0,2,39,1430.06,11,1,73,0,1,21,173.56,3,4,6,1430.06,28,100,HIGH
Etesevimab,1,159,0,1,42,485.46,0,1,72,0,2,18,172.75,4,1,159,0,1,42,485.46,0,1,72,0,2,18,172.75,4,4,6,485.46,8,100,HIGH
Etrolizumab,1,152,0,1,45,367.52,2,1,69,0,1,17,165.45,4,1,152,0,1,45,367.52,2,1,69,0,1,17,165.45,4,4,4,367.52,12,100,HIGH
Evinacumab,1,152,0,1,43,907.82,10,1,72,0,1,22,179.98,1,1,152,0,1,43,907.82,10,1,72,0,1,22,179.98,1,4,4,907.82,22,100,HIGH
Evolocumab,1,142,0,1,39,973.31,9,1,69,0,1,17,133.02,1,1,142,0,1,39,973.31,9,1,69,0,1,17,133.02,1,4,4,973.31,20,100,HIGH
Farletuzumab,1,155,0,1,43,916.8,4,1,71,0,1,23,258.75,5,1,155,0,1,43,916.81,4,1,71,0,1,23,258.75,5,4,4,916.81,18,100,HIGH
Elotuzumab,1,157,0,1,43,467.47,7,1,73,0,1,20,163.84,4,1,157,0,1,43,467.47,7,1,73,0,1,20,163.84,4,4,4,467.47,22,100,HIGH
Emactuzumab,1,152,0,1,40,861.52,1,1,71,0,1,22,137.61,3,1,152,0,1,40,861.52,1,1,71,0,1,22,137.61,3,4,4,861.52,8,100,HIGH
Emapalumab,1,156,0,1,41,1043.07,12,1,66,0,1,19,82.02,1,1,156,0,1,41,1043.07,12,1,66,0,1,19,82.02,1,4,4,1043.07,26,100,HIGH
Empasiprubart,1,153,0,1,41,1007.11,14,1,73,0,1,20,241.94,1,1,153,0,1,41,1007.11,14,1,73,0,1,20,241.94,1,4,4,1007.11,30,100,HIGH
Enlonstobart,1,145,0,1,41,757.39,17,1,74,0,1,21,321.65,10,1,145,0,1,41,757.38,17,1,74,0,1,21,321.65,10,4,4,757.39,54,100,HIGH
Epratuzumab,1,151,0,1,44,570.85,8,1,74,0,1,23,155.09,1,1,151,0,1,44,570.85,8,1,74,0,1,23,155.09,1,4,4,570.85,18,100,HIGH
Donanemab,1,150,0,1,41,538.87,3,1,74,0,1,19,95.36,1,1,150,0,1,41,538.87,3,1,74,0,1,19,95.36,1,4,4,538.87,8,100,HIGH
Dostarlimab,1,146,0,1,44,532.69,18,1,75,0,1,22,193.56,7,1,146,0,1,44,532.69,18,1,75,0,1,22,193.56,7,4,4,532.69,50,100,HIGH
Drotokibart,1,148,0,1,41,938.86,1,1,78,0,1,19,309.2,5,1,148,0,1,41,938.86,1,1,78,0,1,19,309.2,5,4,4,938.86,12,100,HIGH
Dupilumab,1,147,0,1,42,849.93,6,1,77,0,1,22,177.73,2,1,147,0,1,42,849.93,6,1,77,0,1,22,177.73,2,4,4,849.93,16,100,HIGH
Ebdarokimab,1,154,0,1,43,614.81,3,1,76,0,1,22,175.5,1,1,154,0,1,43,614.81,3,1,76,0,1,22,175.5,1,4,4,614.81,8,100,HIGH
Ebronucimab,1,159,0,1,45,549.6,13,1,66,0,1,15,259.94,2,1,159,0,1,45,549.6,13,1,66,0,1,15,259.94,2,4,4,549.6,30,100,HIGH
Eculizumab,1,147,0,1,45,1257.66,12,1,73,0,2,14,97.21,5,1,147,0,1,45,1257.66,12,1,73,0,2,14,97.21,5,4,6,1257.66,34,100,HIGH
Itepekimab,1,144,0,1,42,723.19,9,1,75,0,1,18,163.46,3,1,144,0,1,42,723.19,9,1,75,0,1,18,163.46,3,4,4,723.19,24,100,HIGH
Ixekizumab,1,147,0,1,42,1117.91,2,1,73,0,2,15,204.83,3,1,147,0,1,42,1117.91,2,1,73,0,2,15,204.83,3,4,6,1117.91,10,100,HIGH
Lanadelumab,1,158,0,1,41,479.24,2,1,72,0,1,22,71.73,1,1,158,0,1,41,479.24,2,1,72,0,1,22,71.73,1,4,4,479.24,6,100,HIGH
Lebrikizumab,1,150,0,1,40,544.48,2,1,72,0,1,19,154.73,3,1,150,0,1,40,544.48,2,1,72,0,1,19,154.73,3,4,4,544.48,10,100,HIGH
Lecanemab,1,157,0,1,46,417.47,17,1,73,0,1,20,250.51,5,1,157,0,1,46,417.47,17,1,73,0,1,20,250.51,5,4,4,417.47,44,100,HIGH
Lemzoparlimab,1,145,0,1,39,899.41,5,1,78,0,1,20,98.85,1,1,145,0,1,39,899.41,5,1,78,0,1,20,98.85,1,4,4,899.41,12,100,HIGH
Ibritumomab,1,158,0,1,46,877.98,8,1,74,0,1,20,64.5,2,1,158,0,1,46,877.98,8,1,74,0,1,20,64.5,2,4,4,877.98,20,100,HIGH
Ifinatamab,1,158,0,1,47,651.93,7,1,73,0,1,19,29.02,1,1,158,0,1,47,651.93,7,1,73,0,1,19,29.02,1,4,4,651.93,16,100,HIGH
Imsidolimab,1,147,0,1,42,598.81,6,1,78,0,2,15,180.04,3,1,147,0,1,42,598.81,6,1,78,0,2,15,180.04,3,4,6,598.81,18,100,HIGH
Inebilizumab,1,153,0,1,43,700.2,12,1,70,0,1,20,383.17,5,1,153,0,1,43,700.19,12,1,70,0,1,20,383.17,5,4,4,700.2,34,100,HIGH
Infliximab,1,151,0,1,42,656.17,10,1,71,0,2,16,193.18,5,1,151,0,1,42,656.17,10,1,71,0,2,16,193.18,5,4,6,656.17,30,100,HIGH
Inotuzumab,1,149,0,1,46,1584.2,19,1,72,0,1,21,362.44,3,1,149,0,1,46,1584.19,19,1,72,0,1,21,362.44,3,4,4,1584.2,44,100,HIGH
Ipilimumab,1,155,0,1,44,446.43,0,1,73,0,1,22,167.38,4,1,155,0,1,44,446.44,0,1,73,0,1,22,167.38,4,4,4,446.44,8,100,HIGH
Isatuximab,1,153,0,1,42,1227.21,23,1,72,0,1,21,219.64,4,1,153,0,1,42,1227.21,23,1,72,0,1,21,219.64,4,4,4,1227.21,54,100,HIGH
Gemtuzumab,1,144,0,1,42,1062.08,17,1,70,0,1,18,338.33,2,1,144,0,1,42,1062.08,17,1,70,0,1,18,338.33,2,4,4,1062.08,38,100,HIGH
Gevokizumab,1,142,0,1,40,1312.97,12,1,73,0,1,21,150.55,0,1,142,0,1,40,1312.97,12,1,73,0,1,21,150.55,0,4,4,1312.97,24,100,HIGH
Golimumab,1,161,0,1,44,705.55,3,1,75,0,1,22,231.6,2,1,161,0,1,44,705.56,3,1,75,0,1,22,231.6,2,4,4,705.56,10,100,HIGH
Gotistobart,1,156,0,1,45,985.07,2,1,73,0,1,21,125.05,3,1,156,0,1,45,985.07,2,1,73,0,1,21,125.05,3,4,4,985.07,10,100,HIGH
Gumokimab,1,154,0,1,44,1274.04,19,1,73,0,1,21,186.11,1,1,154,0,1,44,1274.03,19,1,73,0,1,21,186.11,1,4,4,1274.04,40,100,HIGH
Guselkumab,1,155,0,1,45,1017.53,7,1,72,0,1,17,65.28,3,1,155,0,1,45,1017.53,7,1,72,0,1,17,65.28,3,4,4,1017.53,20,100,HIGH
Ianalumab,1,155,0,1,42,814.8,9,1,74,0,1,21,152.16,0,1,155,0,1,42,814.8,9,1,74,0,1,21,152.16,0,4,4,814.8,18,100,HIGH
Ibalizumab,1,147,0,1,45,1238.5,5,1,76,0,1,22,218.69,1,1,147,0,1,45,1238.5,5,1,76,0,1,22,218.69,1,4,4,1238.5,12,100,HIGH
Frexalimab,1,151,0,1,45,1435.14,4,1,72,0,1,23,140.02,3,1,151,0,1,45,1435.13,4,1,72,0,1,23,140.02,3,4,4,1435.14,14,100,HIGH
Fulranumab,1,148,0,1,43,1054.66,9,1,73,0,1,20,79.9,2,1,148,0,1,43,1054.66,9,1,73,0,1,20,79.9,2,4,4,1054.66,22,100,HIGH
Futuximab,1,151,0,1,42,1105.73,13,1,69,0,1,19,245.62,5,1,151,0,1,42,1105.73,13,1,69,0,1,19,245.62,5,4,4,1105.73,36,100,HIGH
Galcanezumab,1,148,0,1,44,1108.34,0,1,69,0,1,20,177.8,3,1,148,0,1,44,1108.34,0,1,69,0,1,20,177.8,3,4,4,1108.34,6,100,HIGH
Ganitumab,1,150,0,1,39,866.36,0,1,74,0,1,19,175.25,3,1,150,0,1,39,866.36,0,1,74,0,1,19,175.25,3,4,4,866.36,6,100,HIGH
Gantenerumab,1,158,0,1,43,861.82,6,1,76,0,1,20,112.66,2,1,158,0,1,43,861.83,6,1,76,0,1,20,112.66,2,4,4,861.83,16,100,HIGH
Garadacimab,1,155,0,1,44,507.21,14,1,72,0,1,18,165.19,0,1,155,0,1,44,507.21,14,1,72,0,1,18,165.19,0,4,4,507.21,28,100,HIGH
Garetosmab,1,148,0,1,41,393.96,12,1,72,0,1,21,192.47,3,1,148,0,1,41,393.96,12,1,72,0,1,21,192.47,3,4,4,393.96,30,100,HIGH
Motavizumab,1,155,0,1,41,1166.63,26,1,70,0,1,22,193.8,4,1,155,0,1,41,1166.63,26,1,70,0,1,22,193.8,4,4,4,1166.63,60,100,HIGH
Nadunolimab,1,152,0,1,41,757.26,8,1,72,0,2,16,149.61,3,1,152,0,1,41,757.26,8,1,72,0,2,16,149.61,3,4,6,757.26,22,100,HIGH
Narlumosbart,1,148,0,1,42,1014.95,9,1,70,0,1,19,221.59,4,1,148,0,1,42,1014.95,9,1,70,0,1,19,221.59,4,4,4,1014.95,26,100,HIGH
Natalizumab,1,151,0,1,44,1188.04,12,1,72,0,1,21,184.73,1,1,151,0,1,44,1188.04,12,1,72,0,1,21,184.73,1,4,4,1188.04,26,100,HIGH
Necitumumab,1,154,0,1,43,379.97,1,1,73,0,1,19,192.48,3,1,154,0,1,43,379.97,1,1,73,0,1,19,192.48,3,4,4,379.97,8,100,HIGH
Nemolizumab,1,144,0,1,41,1269.13,12,1,72,0,1,21,80.55,3,1,144,0,1,41,1269.13,12,1,72,0,1,21,80.55,3,4,4,1269.13,30,100,HIGH
Nepuvibart,1,158,0,1,44,682.26,1,1,72,0,1,20,202.29,3,1,158,0,1,44,682.26,1,1,72,0,1,20,202.29,3,4,4,682.26,8,100,HIGH
Mevonlerbart,1,149,0,1,43,1131.53,4,1,72,0,1,21,202.74,9,1,149,0,1,43,1131.53,4,1,72,0,1,21,202.74,9,4,4,1131.53,26,100,HIGH
Mibavademab,1,153,0,1,47,1768.93,19,1,71,0,1,20,287.34,4,1,153,0,1,47,1768.93,19,1,71,0,1,20,287.34,4,4,4,1768.93,46,100,HIGH
Mirikizumab,1,143,0,1,42,501.94,6,1,73,0,1,22,209.36,8,1,143,0,1,42,501.94,6,1,73,0,1,22,209.36,8,4,4,501.94,28,100,HIGH
Mirvetuximab,1,153,0,1,43,911.52,4,1,77,0,2,15,183.88,1,1,153,0,1,43,911.52,4,1,77,0,2,15,183.88,1,4,6,911.52,10,100,HIGH
Modotuximab,1,150,0,1,42,658.37,2,1,79,0,1,18,225.31,3,1,150,0,1,42,658.37,2,1,79,0,1,18,225.31,3,4,4,658.37,10,100,HIGH
Mogamulizumab,1,156,0,1,43,192.21,12,1,75,0,1,21,348.08,6,1,156,0,1,43,192.21,12,1,75,0,1,21,348.08,6,4,4,348.08,36,100,HIGH
Monalizumab,1,150,0,1,46,2489.62,22,1,72,0,1,21,142.06,4,1,150,0,1,46,2489.62,22,1,72,0,1,21,142.06,4,4,4,2489.62,52,100,HIGH
Loncastuximab,1,153,0,1,43,729.88,14,1,70,0,1,19,86.33,2,1,153,0,1,43,729.88,14,1,70,0,1,19,86.33,2,4,4,729.88,32,100,HIGH
Lusvertikimab,1,153,0,1,45,872.34,11,1,74,0,2,15,86.88,0,1,153,0,1,45,872.34,11,1,74,0,2,15,86.88,0,4,6,872.34,22,100,HIGH
Magrolimab,1,146,0,1,42,840.99,19,1,74,0,1,22,91.48,3,1,146,0,1,42,840.99,19,1,74,0,1,22,91.48,3,4,4,840.99,44,100,HIGH
Manfidokimab,1,143,0,1,40,631.71,6,1,73,0,1,21,114.33,3,1,143,0,1,40,631.71,6,1,73,0,1,21,114.33,3,4,4,631.71,18,100,HIGH
Margetuximab,1,152,0,1,43,615.56,19,1,72,0,1,22,310.95,5,1,152,0,1,43,615.56,19,1,72,0,1,22,310.95,5,4,4,615.56,48,100,HIGH
Masavibart,1,159,0,1,44,753.06,8,1,70,0,1,18,94.29,2,1,159,0,1,44,753.06,8,1,70,0,1,18,94.29,2,4,4,753.06,20,100,HIGH
Mazorelvimab,1,158,0,1,42,666.52,3,1,76,0,1,23,217.36,1,1,158,0,1,42,666.52,3,1,76,0,1,23,217.36,1,4,4,666.52,8,100,HIGH
Lenvervimab,1,158,0,1,43,369.25,8,1,73,0,1,21,274.8,2,1,158,0,1,43,369.25,8,1,73,0,1,21,274.8,2,4,4,369.25,20,100,HIGH
Lerdelimumab,1,147,0,1,42,1042.6,12,1,68,0,1,15,112.1,2,1,147,0,1,42,1042.6,12,1,68,0,1,15,112.1,2,4,4,1042.6,28,100,HIGH
Leronlimab,1,149,0,1,47,1801.99,13,1,73,0,1,20,264.28,4,1,149,0,1,47,1801.99,13,1,73,0,1,20,264.29,4,4,4,1801.99,34,100,HIGH
Levilimab,1,157,0,1,43,1065.65,15,1,75,0,1,20,42.78,2,1,157,0,1,43,1065.65,15,1,75,0,1,20,42.78,2,4,4,1065.65,34,100,HIGH
Ligelizumab,1,157,0,1,48,995.66,4,1,73,0,1,21,155.65,4,1,157,0,1,48,995.66,4,1,73,0,1,21,155.65,4,4,4,995.66,16,100,HIGH
Ligufalimab,1,148,0,1,43,798.26,10,1,73,0,1,19,101.59,5,1,148,0,1,43,798.26,10,1,73,0,1,19,101.59,5,4,4,798.26,30,100,HIGH
Lirentelimab,1,154,0,1,40,855.24,20,1,73,0,1,20,103.53,0,1,154,0,1,40,855.23,20,1,73,0,1,20,103.53,0,4,4,855.24,40,100,HIGH
Litifilimab,1,159,0,1,47,572.66,15,1,71,0,1,20,409.33,9,1,159,0,1,47,572.66,15,1,71,0,1,20,409.33,9,4,4,572.66,48,100,HIGH
Pamrevlumab,1,151,0,1,42,871.91,7,1,71,0,1,21,130.92,2,1,151,0,1,42,871.91,7,1,71,0,1,21,130.92,2,4,4,871.91,18,100,HIGH
Panitumumab,1,141,0,1,40,798.17,3,1,72,0,1,18,241.36,1,1,141,0,1,40,798.17,3,1,72,0,1,18,241.36,1,4,4,798.17,8,100,HIGH
Paridiprubart,1,151,0,1,42,882.86,4,1,70,0,1,19,137.6,1,1,151,0,1,42,882.86,4,1,70,0,1,19,137.6,1,4,4,882.86,10,100,HIGH
Patritumab,1,154,0,1,44,778.42,2,1,74,0,1,22,92.34,4,1,154,0,1,44,778.42,2,1,74,0,1,22,92.34,4,4,4,778.42,12,100,HIGH
Pembrolizumab,1,146,0,1,46,335.52,3,1,76,0,1,21,368.38,4,1,146,0,1,46,335.52,3,1,76,0,1,21,368.38,4,4,4,368.38,14,100,HIGH
Pemivibart,1,156,0,1,44,606.72,20,1,73,0,1,19,237.7,3,1,156,0,1,44,606.72,20,1,73,0,1,19,237.7,3,4,4,606.72,46,100,HIGH
Penpulimab,1,157,0,1,44,499.42,7,1,72,0,1,21,218.83,3,1,157,0,1,44,499.42,7,1,72,0,1,21,218.83,3,4,4,499.42,20,100,HIGH
Pertuzumab,1,154,0,1,43,423.32,0,1,73,0,1,24,174.13,4,1,154,0,1,43,423.32,0,1,73,0,1,24,174.13,4,4,4,423.32,8,100,HIGH
Omalizumab,1,155,0,1,43,864.18,17,1,72,0,1,22,313.74,6,1,155,0,1,43,864.18,17,1,72,0,1,22,313.74,6,4,4,864.18,46,100,HIGH
Omectatug,1,153,0,1,40,651.18,7,1,74,0,1,20,101.4,2,1,153,0,1,40,651.19,7,1,74,0,1,20,101.4,2,4,4,651.19,18,100,HIGH
Ongericimab,1,142,0,1,39,1240.23,3,1,72,0,1,19,458.1,6,1,142,0,1,39,1240.23,3,1,72,0,1,19,458.1,6,4,4,1240.23,18,100,HIGH
Ontamalimab,1,146,0,1,42,1088.15,9,1,75,0,1,20,271.75,5,1,146,0,1,42,1088.15,9,1,75,0,1,20,271.75,5,4,4,1088.15,28,100,HIGH
Ormutivimab,1,157,0,1,44,1251.49,2,1,71,0,1,19,151.67,4,1,157,0,1,44,1251.49,2,1,71,0,1,19,151.67,4,4,4,1251.49,12,100,HIGH
Otilimab,1,156,0,1,43,632.05,13,1,71,0,1,18,143.84,2,1,156,0,1,43,632.06,13,1,71,0,1,18,143.84,2,4,4,632.06,30,100,HIGH
Pabinafusp,1,154,0,1,43,553.71,3,1,72,0,1,19,110.77,0,1,154,0,1,43,553.71,3,1,72,0,1,19,110.77,0,4,4,553.71,6,100,HIGH
Palivizumab,1,154,0,1,40,1036.63,13,1,71,0,1,22,228.36,5,1,154,0,1,40,1036.63,13,1,71,0,1,22,228.36,5,4,4,1036.63,36,100,HIGH
Obinutuzumab,1,156,0,1,44,465.97,9,1,77,0,1,20,272.82,7,1,156,0,1,44,465.97,9,1,77,0,1,20,272.82,7,4,4,465.97,32,100,HIGH
Ociperlimab,1,157,0,1,45,376.35,2,1,75,0,1,21,43.29,2,1,157,0,1,45,376.35,2,1,75,0,1,21,43.3,2,4,4,376.35,8,100,HIGH
Ocrelizumab,1,159,0,1,46,812.92,2,1,69,0,2,18,69.56,1,1,159,0,1,46,812.92,2,1,69,0,2,18,69.56,1,4,6,812.92,6,100,HIGH
Odesivimab,1,157,0,1,44,448.62,12,1,75,0,1,21,308.23,6,1,157,0,1,44,448.61,12,1,75,0,1,21,308.23,6,4,4,448.62,36,100,HIGH
Olaratumab,1,156,0,1,48,801.7,6,1,73,0,1,19,199.3,7,1,156,0,1,48,801.7,6,1,73,0,1,19,199.3,7,4,4,801.7,26,100,HIGH
Oleclumab,1,154,0,1,41,666.52,12,1,70,0,1,16,84.87,2,1,154,0,1,41,666.52,12,1,70,0,1,16,84.87,2,4,4,666.52,28,100,HIGH
Olokizumab,1,149,0,1,47,1356.92,16,1,72,0,1,19,315.08,6,1,149,0,1,47,1356.92,16,1,72,0,1,19,315.08,6,4,4,1356.92,44,100,HIGH
Netakimab,1,157,0,1,42,409.73,3,1,73,0,1,21,193.96,3,1,157,0,1,42,409.74,3,1,73,0,1,21,193.96,3,4,4,409.74,12,100,HIGH
Nimotuzumab,1,150,0,1,45,620.09,15,1,72,0,1,23,83.15,1,1,150,0,1,45,620.09,15,1,72,0,1,23,83.15,1,4,4,620.09,32,100,HIGH
Nirsevimab,1,159,0,1,39,608.26,8,1,74,0,1,17,223.41,3,1,159,0,1,39,608.26,8,1,74,0,1,17,223.41,3,4,4,608.26,22,100,HIGH
Nisevokitug,1,148,0,1,40,1154.05,14,1,73,0,1,16,53.23,2,1,148,0,1,40,1154.05,14,1,73,0,1,16,53.23,2,4,4,1154.05,32,100,HIGH
Nivolumab,1,145,0,1,41,642.32,12,1,73,0,1,19,286.09,8,1,145,0,1,41,642.32,12,1,73,0,1,19,286.09,8,4,4,642.32,40,100,HIGH
Nofazinlimab,1,147,0,1,44,679.56,8,1,75,0,1,21,167.64,2,1,147,0,1,44,679.56,8,1,75,0,1,21,167.64,2,4,4,679.56,20,100,HIGH
Obexelimab,1,156,0,1,45,750.63,13,1,75,0,1,20,143.59,0,1,156,0,1,45,750.63,13,1,75,0,1,20,143.59,0,4,4,750.63,26,100,HIGH
Obiltoxaximab,1,152,0,1,41,421.44,8,1,70,0,1,20,252.7,5,1,152,0,1,41,421.44,8,1,70,0,1,20,252.7,5,4,4,421.44,26,100,HIGH
Rovelizumab,1,146,0,1,42,960.69,14,1,71,0,1,21,497.97,0,1,146,0,1,42,960.69,14,1,71,0,1,21,497.97,0,4,4,960.69,28,100,HIGH
Rozanolixizumab,1,149,0,1,42,1007.53,14,1,73,0,1,21,227,0,1,149,0,1,42,1007.53,14,1,73,0,1,21,227,0,4,4,1007.53,28,100,HIGH
Sabatolimab,1,144,0,1,42,701.01,13,1,72,0,1,20,313.22,4,1,144,0,1,42,701.01,13,1,72,0,1,20,313.22,4,4,4,701.01,34,100,HIGH
Sacituzumab,1,156,0,1,47,962.39,14,1,75,0,1,18,161.41,5,1,156,0,1,47,962.39,14,1,75,0,1,18,161.41,5,4,4,962.39,38,100,HIGH
Sarilumab,1,154,0,1,39,644.61,1,1,72,0,1,21,163.24,4,1,154,0,1,39,644.61,1,1,72,0,1,21,163.24,4,4,4,644.61,10,100,HIGH
Sasanlimab,1,146,0,1,43,821.28,5,1,74,0,1,24,241.51,5,1,146,0,1,43,821.28,5,1,74,0,1,24,241.51,5,4,4,821.28,20,100,HIGH
Satralizumab,1,143,0,1,38,1176.44,9,1,71,0,2,14,186.32,4,1,143,0,1,38,1176.44,9,1,71,0,2,14,186.32,4,4,6,1176.44,26,100,HIGH
Satumomab,1,148,0,2,22,323.41,3,1,73,0,1,22,208.82,6,1,148,0,2,22,323.41,3,1,73,0,1,22,208.82,6,4,6,323.41,18,100,HIGH
Rinatabart,1,159,0,1,45,773.17,1,1,74,0,1,20,137.82,2,1,159,0,1,45,773.17,1,1,74,0,1,20,137.82,2,4,4,773.17,6,100,HIGH
Ripertamab,1,155,0,1,44,586.66,1,1,72,0,1,20,123.87,2,1,155,0,1,44,586.65,1,1,72,0,1,20,123.87,2,4,4,586.66,6,100,HIGH
Risankizumab,1,154,0,1,43,1274.38,21,1,72,0,1,19,272.58,7,1,154,0,1,43,1274.37,21,1,72,0,1,19,272.58,7,4,4,1274.38,56,100,HIGH
Rituximab,1,155,0,1,44,586.66,1,1,72,0,1,20,123.87,2,1,155,0,1,44,586.65,1,1,72,0,1,20,123.87,2,4,4,586.66,6,100,HIGH
Roconkibart,1,149,0,1,46,823.08,13,1,73,0,1,19,181.22,4,1,149,0,1,46,823.08,13,1,73,0,1,19,181.22,4,4,4,823.08,34,100,HIGH
Romosozumab,1,145,0,1,42,865.02,10,1,71,0,1,21,86.09,0,1,145,0,1,42,865.02,10,1,71,0,1,21,86.09,0,4,4,865.02,20,100,HIGH
Ravulizumab,1,146,0,1,44,1224.49,12,1,73,0,2,14,88.29,5,1,146,0,1,44,1224.49,12,1,73,0,2,14,88.29,5,4,6,1224.49,34,100,HIGH
Recaticimab,1,154,0,1,45,537.17,3,1,72,0,1,22,159.5,1,1,154,0,1,45,537.17,3,1,72,0,1,22,159.5,1,4,4,537.17,8,100,HIGH
Regdanvimab,1,156,0,1,42,683.65,13,1,71,0,1,17,72.8,1,1,156,0,1,42,683.64,13,1,71,0,1,17,72.8,1,4,4,683.65,28,100,HIGH
Relatlimab,1,147,0,1,45,443.27,7,1,74,0,1,20,90.24,3,1,147,0,1,45,443.27,7,1,74,0,1,20,90.24,3,4,4,443.27,20,100,HIGH
Reslizumab,1,146,0,1,42,640.92,14,1,73,0,1,21,141.15,7,1,146,0,1,42,640.92,14,1,73,0,1,21,141.15,7,4,4,640.92,42,100,HIGH
Retifanlimab,1,145,0,1,42,1009.75,2,1,72,0,1,20,280.1,5,1,145,0,1,42,1009.75,2,1,72,0,1,20,280.1,5,4,4,1009.75,14,100,HIGH
Riliprubart,1,147,0,1,41,1093.63,4,1,73,0,1,21,421.07,8,1,147,0,1,41,1093.63,4,1,73,0,1,21,421.07,8,4,4,1093.63,24,100,HIGH
Polatuzumab,1,154,0,2,38,717.75,13,1,71,0,1,20,325.9,4,1,154,0,2,38,717.75,13,1,71,0,1,20,325.9,4,4,6,717.75,34,100,HIGH
Pozelimab,1,145,0,1,42,443.77,5,1,74,0,1,21,162.14,5,1,145,0,1,42,443.77,5,1,74,0,1,21,162.14,5,4,4,443.77,20,100,HIGH
Prolgolimab,1,162,0,1,44,705.1,1,1,72,0,1,15,118.19,5,1,162,0,1,44,705.1,1,1,72,0,1,15,118.19,5,4,4,705.1,12,100,HIGH
Pulocimab,1,156,0,1,41,616.69,10,1,74,0,1,21,168.06,2,1,156,0,1,41,616.69,10,1,74,0,1,21,168.06,2,4,4,616.69,24,100,HIGH
Racotumomab,1,152,0,1,46,746.49,2,1,70,0,1,20,77.23,5,1,152,0,1,46,746.49,2,1,70,0,1,20,77.23,5,4,4,746.49,14,100,HIGH
Rademikibart,1,148,0,1,43,808.38,18,1,73,0,1,21,243.46,6,1,148,0,1,43,808.37,18,1,73,0,1,21,243.46,6,4,4,808.38,48,100,HIGH
Ramucirumab,1,156,0,1,41,601.36,9,1,74,0,1,21,156.65,2,1,156,0,1,41,601.36,9,1,74,0,1,21,156.65,2,4,4,601.36,22,100,HIGH
Vilamakitug,1,148,0,1,41,1155.79,15,1,75,0,1,22,195.44,4,1,148,0,1,41,1155.79,15,1,75,0,1,22,195.44,4,4,4,1155.79,38,100,HIGH
Vilobelimab,1,142,0,1,43,1386.49,9,1,74,0,1,20,369.34,4,1,142,0,1,43,1386.49,9,1,74,0,1,20,369.34,4,4,4,1386.49,26,100,HIGH
Visilizumab,1,149,0,1,42,415.45,2,1,68,0,1,20,95.38,1,1,149,0,1,42,415.45,2,1,68,0,1,20,95.38,1,4,4,415.45,6,100,HIGH
Vunakizumab,1,157,0,1,43,989.08,15,1,70,0,1,21,117.46,4,1,157,0,1,43,989.08,15,1,70,0,1,21,117.46,4,4,4,989.08,38,100,HIGH
Xeligekimab,1,158,0,1,47,1032.58,7,1,68,0,1,19,128.5,5,1,158,0,1,47,1032.58,7,1,68,0,1,19,128.5,5,4,4,1032.58,24,100,HIGH
Zamerovimab,1,159,0,1,44,707,3,1,70,0,1,21,150.2,3,1,159,0,1,44,707,3,1,70,0,1,21,150.2,3,4,4,707,12,100,HIGH
Zanolimumab,1,153,0,1,42,410.5,1,1,73,0,1,20,180.38,2,1,153,0,1,42,410.51,1,1,73,0,1,20,180.38,2,4,4,410.51,6,100,HIGH
Alirocumab,1,153,0,1,40,931.48,22,1,75,0,1,23,328.61,5,1,153,0,1,40,931.48,22,1,75,0,1,23,328.61,5,4,4,931.48,54,100,HIGH
Umesolerbart,1,148,0,1,42,1798.93,14,1,73,0,1,20,241.9,3,1,148,0,1,42,1798.93,14,1,73,0,1,20,241.9,3,4,4,1798.93,34,100,HIGH
Upinitatug,1,154,0,1,41,663.98,17,1,71,0,1,19,186.8,2,1,154,0,1,41,663.98,17,1,71,0,1,19,186.8,2,4,4,663.98,38,100,HIGH
Vamikibart,1,148,0,1,41,1148.61,11,1,75,0,1,19,310.94,1,1,148,0,1,41,1148.61,11,1,75,0,1,19,310.94,1,4,4,1148.61,24,100,HIGH
Vecantoxatug,1,155,0,1,44,411.85,2,1,70,0,1,18,191.03,4,1,155,0,1,44,411.85,2,1,70,0,1,18,191.03,4,4,4,411.85,12,100,HIGH
Vedolizumab,1,155,0,1,43,745.5,7,1,71,0,1,20,149.52,0,1,155,0,1,43,745.5,7,1,71,0,1,20,149.52,0,4,4,745.5,14,100,HIGH
Veligrotug,1,154,0,1,45,1182.75,11,1,75,0,1,20,233.86,2,1,154,0,1,45,1182.75,11,1,75,0,1,20,233.86,2,4,4,1182.75,26,100,HIGH
Vibostolimab,1,153,0,1,44,816.14,3,1,72,0,1,19,155.22,2,1,153,0,1,44,816.14,3,1,72,0,1,19,155.22,2,4,4,816.14,10,100,HIGH
Tozorakimab,1,160,0,1,44,820.04,5,1,70,0,1,17,159.58,4,1,160,0,1,44,820.05,5,1,70,0,1,17,159.58,4,4,4,820.05,18,100,HIGH
Tralokinumab,1,147,0,1,44,1101.78,9,1,73,0,1,16,62.53,2,1,147,0,1,44,1101.78,9,1,73,0,1,16,62.53,2,4,4,1101.78,22,100,HIGH
Tremelimumab,1,152,0,1,45,674.3,3,1,72,0,1,22,152.67,7,1,152,0,1,45,674.3,3,1,72,0,1,22,152.67,7,4,4,674.3,20,100,HIGH
Tulisokibart,1,148,0,1,37,867.61,9,1,71,0,1,21,69.33,1,1,148,0,1,37,867.61,9,1,71,0,1,21,69.33,1,4,4,867.61,20,100,HIGH
Tuvonralimab,1,157,0,1,43,506.54,1,1,72,0,1,22,134.78,2,1,157,0,1,43,506.53,1,1,72,0,1,22,134.78,2,4,4,506.54,6,100,HIGH
Ublituximab,1,153,0,1,44,638.71,10,1,73,0,1,22,164.64,1,1,153,0,1,44,638.7,10,1,73,0,1,22,164.64,1,4,4,638.71,22,100,HIGH
Tiragolumab,1,154,0,1,43,338.51,4,1,76,0,1,23,92.6,2,1,154,0,1,43,338.51,4,1,76,0,1,23,92.6,2,4,4,338.51,12,100,HIGH
Tisotumab,1,154,0,1,43,524.7,7,1,71,0,1,21,184.04,2,1,154,0,1,43,524.7,7,1,71,0,1,21,184.04,2,4,4,524.7,18,100,HIGH
Tixagevimab,1,154,0,1,40,613.61,10,1,72,0,1,21,97.3,3,1,154,0,1,40,613.61,10,1,72,0,1,21,97.3,3,4,4,613.61,26,100,HIGH
Tizetatug,1,157,0,1,47,950.27,19,1,75,0,1,19,211.49,6,1,157,0,1,47,950.27,19,1,75,0,1,19,211.49,6,4,4,950.27,50,100,HIGH
Tocilizumab,1,153,0,1,39,451.2,11,1,70,0,1,21,324.79,8,1,153,0,1,39,451.2,11,1,70,0,1,21,324.79,8,4,4,451.2,38,100,HIGH
Toripalimab,1,150,0,1,44,666.26,6,1,74,0,1,20,168.27,3,1,150,0,1,44,666.26,6,1,74,0,1,20,168.27,3,4,4,666.26,18,100,HIGH
Benralizumab,1,153,0,1,42,500.47,10,1,70,0,1,21,333.36,8,1,153,0,1,42,500.47,10,1,70,0,1,21,333.36,8,4,4,500.47,36,100,HIGH
Bentracimab,1,159,0,1,42,345.78,9,1,74,0,1,18,154.04,4,1,159,0,1,42,345.78,9,1,74,0,1,18,154.04,4,4,4,345.78,26,100,HIGH
Betinukibart,1,155,0,1,47,466.34,8,1,72,0,1,20,117.62,3,1,155,0,1,47,466.34,8,1,72,0,1,20,117.62,3,4,4,466.34,22,100,HIGH
Bevacizumab,1,159,0,1,48,797.79,1,1,71,0,1,22,234.55,2,1,159,0,1,48,797.79,1,1,71,0,1,22,234.55,2,4,4,797.79,6,100,HIGH
Bezlotoxumab,1,154,0,1,44,579.74,3,1,72,0,1,21,231.41,3,1,154,0,1,44,579.74,3,1,72,0,1,21,231.41,3,4,4,579.74,12,100,HIGH
Bimekizumab,1,160,0,1,45,662.02,4,1,72,0,1,20,206.98,2,1,160,0,1,45,662.01,4,1,72,0,1,20,206.98,2,4,4,662.02,12,100,HIGH
Bintrafusp,1,158,0,1,41,489.13,11,1,69,0,1,18,179.25,5,1,158,0,1,41,489.13,11,1,69,0,1,18,179.25,5,4,4,489.13,32,100,HIGH
Birtamimab,1,158,0,1,44,356.16,12,1,71,0,1,18,299.82,5,1,158,0,1,44,356.16,12,1,71,0,1,18,299.82,5,4,4,356.16,34,100,HIGH
Bavituximab,1,151,0,1,44,652.58,12,1,70,0,1,17,152.58,5,1,151,0,1,44,652.58,12,1,70,0,1,17,152.58,5,4,4,652.58,34,100,HIGH
Bebtelovimab,1,152,0,1,38,723.19,13,1,71,0,1,18,99.15,4,1,152,0,1,38,723.18,13,1,71,0,1,18,99.15,4,4,4,723.19,34,100,HIGH
Becotatug,1,156,0,1,42,919.93,9,1,68,0,1,19,121.47,1,1,156,0,1,42,919.93,9,1,68,0,1,19,121.47,1,4,4,919.93,20,100,HIGH
Belantamab,1,154,0,1,42,801.33,5,1,71,0,1,21,180.35,2,1,154,0,1,42,801.33,5,1,71,0,1,21,180.35,2,4,4,801.33,14,100,HIGH
Belimumab,1,153,0,1,37,1085.16,14,1,70,0,1,17,80.41,2,1,153,0,1,37,1085.17,14,1,70,0,1,17,80.41,2,4,4,1085.17,32,100,HIGH
Belrestotug,1,154,0,1,40,1061.38,8,1,73,0,1,22,169.39,5,1,154,0,1,40,1061.38,8,1,73,0,1,22,169.39,5,4,4,1061.38,26,100,HIGH
Bemarituzumab,1,151,0,1,40,585.45,7,1,70,0,1,19,111.79,3,1,151,0,1,40,585.45,7,1,70,0,1,19,111.79,3,4,4,585.45,20,100,HIGH
Benmelstobart,1,156,0,1,38,356.91,6,1,73,0,1,23,222.27,3,1,156,0,1,38,356.91,6,1,73,0,1,23,222.27,3,4,4,356.91,18,100,HIGH
Atezolizumab,1,156,0,1,42,640.94,11,1,75,0,1,22,189.88,3,1,156,0,1,42,640.94,11,1,75,0,1,22,189.88,3,4,4,640.94,28,100,HIGH
Atisnolerbart,1,150,0,1,46,504.06,4,1,72,0,1,21,145.03,4,1,150,0,1,46,504.06,4,1,72,0,1,21,145.03,4,4,4,504.06,16,100,HIGH
Avelumab,1,158,0,1,41,489.13,11,1,69,0,1,18,179.25,5,1,158,0,1,41,489.13,11,1,69,0,1,18,179.25,5,4,4,489.13,32,100,HIGH
Balstilimab,1,146,0,1,42,884.48,2,1,73,0,1,20,76.96,3,1,146,0,1,42,884.48,2,1,73,0,1,20,76.96,3,4,4,884.48,10,100,HIGH
Bamlanivimab,1,163,0,1,44,549.85,2,1,70,0,1,19,220.44,3,1,163,0,1,44,549.85,2,1,70,0,1,19,220.44,3,4,4,549.85,10,100,HIGH
Barzolvolimab,1,155,0,1,45,966.34,2,1,72,0,1,21,188.23,3,1,155,0,1,45,966.34,2,1,72,0,1,21,188.23,3,4,4,966.34,10,100,HIGH
Basiliximab,1,154,0,1,45,1265.91,7,1,66,0,1,17,122.09,4,1,154,0,1,45,1265.91,7,1,66,0,1,17,122.09,4,4,4,1265.91,22,100,HIGH
Amlitelimab,1,151,0,1,42,798.64,8,1,71,0,1,20,181.46,3,1,151,0,1,42,798.64,8,1,71,0,1,20,181.46,3,4,4,798.64,22,100,HIGH
Andecaliximab,1,146,0,1,43,1300.05,24,1,72,0,1,20,497.43,10,1,146,0,1,43,1300.05,24,1,72,0,1,20,497.43,10,4,4,1300.05,68,100,HIGH
Anifrolumab,1,155,0,1,40,320.15,8,1,73,0,1,19,235.79,4,1,155,0,1,40,320.15,8,1,73,0,1,19,235.79,4,4,4,320.15,24,100,HIGH
Anselamimab,1,148,0,1,38,950.94,10,1,73,0,1,20,73.24,3,1,148,0,1,38,950.94,10,1,73,0,1,20,73.24,3,4,4,950.94,26,100,HIGH
Arcitumomab,1,154,0,1,45,532.16,11,1,71,0,1,20,174.61,1,1,154,0,1,45,532.16,11,1,71,0,1,20,174.61,1,4,4,532.16,24,100,HIGH
Astegolimab,1,144,0,1,43,1476.14,13,1,70,0,1,19,231.45,6,1,144,0,1,43,1476.14,13,1,70,0,1,19,231.44,6,4,4,1476.14,38,100,HIGH
Marstacimab,1,158,0,1,40,558.91,2,1,71,0,1,17,126.07,0,1,158,0,1,40,558.92,2,1,71,0,1,17,126.07,0,4,4,558.92,4,98,HIGH
Ziltivekimab,1,160,0,1,41,631.48,0,1,71,0,1,20,99.07,2,1,160,0,1,41,631.49,0,1,71,0,1,20,99.07,2,4,4,631.49,4,98,HIGH
Durvalumab,1,158,0,1,44,403.81,0,1,73,0,1,21,239.76,2,1,158,0,1,44,403.82,0,1,73,0,1,21,239.76,2,4,4,403.82,4,98,HIGH
Efalizumab,1,156,0,1,45,473.13,0,1,70,0,1,20,106.68,2,1,156,0,1,45,473.13,0,1,70,0,1,20,106.68,2,4,4,473.13,4,98,HIGH
Latozinemab,1,153,0,1,42,559.26,0,1,73,0,1,19,113.1,2,1,153,0,1,42,559.25,0,1,73,0,1,19,113.1,2,4,4,559.26,4,98,HIGH
Naxitamab,1,157,0,1,41,413.6,2,1,73,0,1,21,84.21,0,1,157,0,1,41,413.6,2,1,73,0,1,21,84.21,0,4,4,413.6,4,98,HIGH
Canakinumab,1,157,0,1,43,416.35,2,1,69,0,1,20,135.49,0,1,157,0,1,43,416.34,2,1,69,0,1,20,135.49,0,4,4,416.35,4,98,HIGH
Pucotenlimab,1,147,0,1,42,970.05,0,1,74,0,1,19,309.28,1,1,147,0,1,42,970.05,0,1,74,0,1,19,309.28,1,4,4,970.05,2,94,HIGH
Amlenetug,1,153,0,1,40,804.19,0,1,72,0,1,20,200.23,0,1,153,0,1,40,804.19,0,1,72,0,1,20,200.23,0,4,4,804.19,0,90,HIGH
Tosatoxumab,1,152,0,1,43,235.42,9,1,71,0,1,18,171.02,1,1,152,0,1,43,235.42,9,1,71,0,1,18,171.02,1,4,4,235.42,20,70,HIGH
Trastuzumab,1,156,0,2,39,142.74,11,1,72,0,1,21,249.12,5,1,156,0,2,39,142.74,11,1,72,0,1,21,249.12,5,4,6,249.12,32,70,HIGH
Tislelizumab,1,146,0,1,40,166.56,5,1,75,0,1,20,185.87,6,1,146,0,1,40,166.56,5,1,75,0,1,20,185.87,6,4,4,185.87,22,70,HIGH
Atigotatug,1,156,0,1,44,235.45,17,1,71,0,1,21,212.01,1,1,156,0,1,44,235.45,17,1,71,0,1,21,212.01,1,4,4,235.45,36,70,HIGH
Ansuvimab,1,157,0,1,35,297.57,14,1,74,0,1,18,211.41,5,1,157,0,1,35,297.57,14,1,74,0,1,18,211.41,5,4,4,297.57,38,70,HIGH
Ofatumumab,1,157,0,1,43,137.9,7,1,74,0,1,20,173.33,2,1,157,0,1,43,137.9,7,1,74,0,1,20,173.33,2,4,4,173.33,18,70,HIGH
Rosopatamab,1,149,0,1,41,225,7,1,69,0,1,18,236.62,6,1,149,0,1,41,225,7,1,69,0,1,18,236.62,6,4,4,236.62,26,70,HIGH
Rocatinlimab,1,151,0,1,35,252.46,3,1,72,0,3,14,129.19,4,1,151,0,1,35,252.46,3,1,72,0,3,14,129.19,4,4,8,252.46,14,70,HIGH
Remternetug,1,153,0,1,42,221.8,15,1,72,0,1,22,210.55,6,1,153,0,1,42,221.8,15,1,72,0,1,22,210.55,6,4,4,221.8,42,70,HIGH
Tusamitamab,1,156,0,1,43,267.72,7,1,72,0,1,22,288.51,5,1,156,0,1,43,267.72,7,1,72,0,1,22,288.51,5,4,4,288.51,24,70,HIGH
Ustekinumab,1,154,0,1,43,261.12,6,1,73,0,1,22,241.21,5,1,154,0,1,43,261.12,6,1,73,0,1,22,241.21,5,4,4,261.12,22,70,HIGH
Itolizumab,1,156,0,1,43,128.3,9,1,70,0,1,19,173.83,4,1,156,0,1,43,128.3,9,1,70,0,1,19,173.83,4,4,4,173.83,26,70,HIGH
Mepolizumab,1,151,0,2,34,232.26,3,1,74,0,1,20,11.95,3,1,151,0,2,34,232.26,3,1,74,0,1,20,11.95,3,4,6,232.26,12,70,HIGH
Burosumab,1,153,0,1,37,144.04,8,1,73,0,1,20,39.16,0,1,153,0,1,37,144.04,8,1,73,0,1,20,39.16,0,4,4,144.04,16,70,HIGH
Enfortumab,1,155,0,1,42,266.54,3,1,72,0,1,21,230.82,5,1,155,0,1,42,266.54,3,1,72,0,1,21,230.82,5,4,4,266.54,16,70,HIGH
Depemokimab,1,152,0,2,33,284.71,2,1,74,0,1,20,18.8,2,1,152,0,2,33,284.71,2,1,74,0,1,20,18.8,2,4,6,284.71,8,70,HIGH
Daratumumab,1,158,0,2,37,144.27,9,1,73,0,1,20,193.84,2,1,158,0,2,37,144.27,9,1,73,0,1,20,193.84,2,4,6,193.84,22,70,HIGH
Secukinumab,1,165,0,1,48,180.67,9,1,71,0,1,20,124.17,5,1,165,0,1,48,180.67,9,1,71,0,1,20,124.17,5,4,4,180.67,28,70,HIGH
Sonesitatug,1,152,0,1,42,289.54,10,1,75,0,1,21,107.78,3,1,152,0,1,42,289.53,10,1,75,0,1,21,107.78,3,4,4,289.54,26,70,HIGH
Adalimumab,1,158,0,1,41,244.03,15,1,73,0,1,20,222.2,4,1,158,0,1,41,244.03,15,1,73,0,1,20,222.2,4,4,4,244.03,38,70,HIGH
Abagovomab,1,154,0,1,43,249.81,14,1,73,0,1,20,261.16,5,1,154,0,1,43,249.81,14,1,73,0,1,20,261.16,5,4,4,261.16,38,70,HIGH
